 ,Abs_frame,X_(px),Y_(px),Channel,Slice,Frame,xMin,yMin,xMax,yMax,NArea,IntegrIntCh1,IntegrIntCh2,ColocCh1,ColocCh2,ColocIndCh1,ColocIndCh2,Index
1,1,150.00000,686.00000,1,1,1,139,675,161,697,289,4902.00000,3904.00000,1,1,1,16,1
2,1,252.00000,1006.00000,1,1,1,241,995,262,1017,284,31347.00000,0.00000,1,0,2,0,2
3,1,278.43103,1002.13793,1,1,1,269,991,288,1013,270,12644.00000,0.00000,1,0,3,0,3
4,1,586.00000,794.00000,1,1,1,575,785,596,805,263,9933.00000,0.00000,1,0,4,0,4
5,1,616.00000,474.00000,1,1,1,605,463,633,485,289,1677.00000,15311.00000,1,1,5,27,5
6,1,630.39763,827.80118,1,1,1,620,817,641,838,287,32980.00000,0.00000,1,0,6,0,6
7,1,714.00000,714.00000,1,1,1,703,703,725,725,289,15738.00000,0.00000,1,0,7,0,7
8,1,737.00000,636.00000,1,1,1,726,625,751,647,289,28896.00000,4026.00000,1,1,8,28,8
9,1,823.00000,904.00000,1,1,1,812,893,834,915,289,11610.00000,0.00000,1,0,9,0,9
10,1,867.00000,1108.00000,1,1,1,856,1097,878,1119,289,32250.00000,0.00000,1,0,10,0,10
11,1,878.00000,460.00000,1,1,1,867,449,889,471,297,774.00000,0.00000,1,0,11,0,11
12,1,919.00000,395.00000,1,1,1,908,384,930,406,289,28122.00000,0.00000,1,0,12,0,12
13,1,934.00000,623.00000,1,1,1,923,612,945,634,289,4128.00000,0.00000,1,0,13,0,13
14,1,996.00000,766.00000,1,1,1,985,755,1007,777,289,5805.00000,0.00000,1,0,14,0,14
15,1,1006.00000,922.00000,1,1,1,995,911,1017,933,289,12384.00000,0.00000,1,0,15,0,15
16,2,153.00000,689.00000,2,1,1,139,675,161,697,123,4902.00000,3904.00000,1,1,1,16,16
17,2,159.00000,704.00000,2,1,1,152,698,166,711,123,0.00000,4209.00000,0,1,0,17,17
18,2,159.00000,932.00000,2,1,1,152,925,166,939,129,0.00000,4636.00000,0,1,0,18,18
19,2,275.00000,164.00000,2,1,1,268,157,282,171,129,0.00000,8235.00000,0,1,0,19,19
20,2,337.00000,457.50000,2,1,1,331,451,343,464,108,0.00000,246.00000,0,1,0,20,20
21,2,348.76190,487.76190,2,1,1,341,481,354,494,106,0.00000,1134.00000,0,1,0,21,21
22,2,365.02919,491.05109,2,1,1,356,485,380,497,166,0.00000,5410.47222,0,1,0,22,22
23,2,372.00000,151.00000,2,1,1,365,144,379,158,129,0.00000,14274.00000,0,1,0,23,23
24,2,454.00000,46.00000,2,1,1,447,39,461,53,129,0.00000,8113.00000,0,1,0,24,24
25,2,609.00000,120.00000,2,1,1,602,113,616,127,129,0.00000,14091.00000,0,1,0,25,25
26,2,621.00000,771.00000,2,1,1,614,764,628,778,129,30.89286,12932.00000,0,1,0,26,26
27,2,626.00000,475.00000,2,1,1,605,463,633,485,129,1677.00000,15311.00000,1,1,5,27,27
28,2,744.00000,634.00000,2,1,1,726,625,751,647,129,28896.00000,4026.00000,1,1,8,28,28
29,2,804.00000,317.00000,2,1,1,797,310,811,324,129,0.00000,13237.00000,0,1,0,29,29
30,2,1044.00000,807.00000,2,1,1,1037,800,1051,814,129,0.00000,4331.00000,0,1,0,30,30
31,2,1139.00000,853.00000,2,1,1,1132,846,1146,860,129,0.00000,4514.00000,0,1,0,31,31
32,2,1214.00000,654.00000,2,1,1,1207,647,1221,661,129,0.00000,3782.00000,0,1,0,32,32
33,3,155.00000,683.00000,1,2,1,142,672,166,694,289,4902.00000,3904.00000,1,1,33,45,33
34,3,276.00000,1004.00000,1,2,1,265,994,287,1014,283,13092.00000,0.00000,1,0,34,0,34
35,3,369.34489,496.87936,1,2,1,355,486,384,507,370,5164.00000,855.00000,1,1,35,51,35
36,3,585.00000,796.00000,1,2,1,574,787,595,807,264,9933.00000,0.00000,1,0,36,0,36
37,3,618.00000,471.00000,1,2,1,607,460,629,482,289,1677.00000,0.00000,1,0,37,0,37
38,3,632.00000,827.00000,1,2,1,621,816,643,838,289,10707.00000,0.00000,1,0,38,0,38
39,3,714.00000,712.00000,1,2,1,703,701,725,723,289,15738.00000,0.00000,1,0,39,0,39
40,3,820.00000,904.00000,1,2,1,809,893,831,915,289,11610.00000,0.00000,1,0,40,0,40
41,3,878.00000,459.00000,1,2,1,867,448,889,470,289,774.00000,0.00000,1,0,41,0,41
42,3,933.00000,622.00000,1,2,1,922,611,944,633,289,4128.00000,0.00000,1,0,42,0,42
43,3,994.00000,766.00000,1,2,1,983,755,1005,777,289,5805.00000,0.00000,1,0,43,0,43
44,3,1006.00000,923.00000,1,2,1,995,912,1017,934,289,12384.00000,0.00000,1,0,44,0,44
45,4,149.00000,688.00000,2,2,1,142,672,166,694,119,4902.00000,3904.00000,1,1,33,45,45
46,4,158.00000,702.00000,2,2,1,151,696,165,709,120,0.00000,4209.00000,0,1,0,46,46
47,4,160.00000,932.00000,2,2,1,153,925,167,939,129,0.00000,4636.00000,0,1,0,47,47
48,4,276.00000,165.00000,2,2,1,269,158,283,172,129,0.00000,8235.00000,0,1,0,48,48
49,4,339.50000,478.00000,2,2,1,333,471,346,484,101,0.00000,264.00000,0,1,0,49,49
50,4,349.00000,490.12500,2,2,1,342,484,356,496,104,0.00000,432.00000,0,1,0,50,50
51,4,370.06667,491.60000,2,2,1,355,486,384,507,119,5164.00000,855.00000,1,1,35,51,51
52,4,465.00000,37.00000,2,2,1,458,30,472,44,129,0.00000,8113.00000,0,1,0,52,52
53,4,619.00000,773.00000,2,2,1,612,766,626,780,129,1801.71429,12932.00000,0,1,0,53,53
54,4,734.00000,637.00000,2,2,1,727,630,741,644,129,0.00000,4026.00000,0,1,0,54,54
55,4,808.00000,313.00000,2,2,1,801,306,815,320,129,0.00000,13237.00000,0,1,0,55,55
56,4,832.00000,28.00000,2,2,1,825,21,839,35,129,0.00000,15555.00000,0,1,0,56,56
57,4,1042.00000,803.00000,2,2,1,1035,796,1049,810,129,0.00000,4331.00000,0,1,0,57,57
58,4,1139.00000,856.00000,2,2,1,1132,849,1146,863,129,0.00000,4514.00000,0,1,0,58,58
59,4,1214.00000,653.00000,2,2,1,1207,646,1221,660,129,0.00000,3782.00000,0,1,0,59,59
60,5,162.00000,678.00000,1,3,1,148,667,173,689,289,4902.00000,3904.00000,1,1,60,72,60
61,5,270.00000,1005.00000,1,3,1,259,995,281,1016,286,14061.00000,0.00000,1,0,61,0,61
62,5,285.00000,1003.00000,1,3,1,284,997,294,1007,59,-828.75000,0.00000,1,0,62,0,62
63,5,366.59256,498.39210,1,3,1,351,485,384,509,420,5672.00000,1323.73684,1,1,63,79,63
64,5,584.00000,798.00000,1,3,1,573,789,594,809,267,9933.00000,0.00000,1,0,64,0,64
65,5,622.00000,481.00000,1,3,1,604,470,633,492,289,1677.00000,2867.00000,1,1,65,84,65
66,5,629.00000,828.00000,1,3,1,618,817,640,839,289,10707.00000,0.00000,1,0,66,0,66
67,5,818.00000,905.00000,1,3,1,807,894,829,916,289,11610.00000,0.00000,1,0,67,0,67
68,5,878.00000,459.00000,1,3,1,867,448,889,470,289,774.00000,0.00000,1,0,68,0,68
69,5,933.00000,622.00000,1,3,1,922,611,944,633,289,4128.00000,0.00000,1,0,69,0,69
70,5,996.00000,767.00000,1,3,1,985,756,1007,778,289,5805.00000,0.00000,1,0,70,0,70
71,5,1006.00000,922.00000,1,3,1,995,911,1017,933,289,12384.00000,0.00000,1,0,71,0,71
72,6,155.00000,680.00000,2,3,1,148,667,173,689,123,4902.00000,3904.00000,1,1,60,72,72
73,6,160.00000,696.00000,2,3,1,153,690,167,703,123,0.00000,4209.00000,0,1,0,73,73
74,6,162.00000,931.00000,2,3,1,155,924,169,938,129,0.00000,4636.00000,0,1,0,74,74
75,6,190.00000,856.00000,2,3,1,183,849,197,863,129,0.00000,13664.00000,0,1,0,75,75
76,6,271.00000,166.00000,2,3,1,264,159,278,173,129,0.00000,8235.00000,0,1,0,76,76
77,6,291.00000,958.00000,2,3,1,284,951,298,965,129,0.00000,7808.00000,0,1,0,77,77
78,6,337.00000,460.00000,2,3,1,331,453,343,467,103,0.00000,369.00000,0,1,0,78,78
79,6,368.27043,492.42348,2,3,1,351,485,384,509,170,5672.00000,1323.73684,1,1,63,79,79
80,6,368.66667,151.80952,2,3,1,363,146,372,158,58,0.00000,32.28571,0,1,0,80,80
81,6,383.00000,144.00000,2,3,1,376,137,390,151,129,0.00000,15555.00000,0,1,0,81,81
82,6,474.00000,28.00000,2,3,1,467,21,481,35,129,0.00000,8113.00000,0,1,0,82,82
83,6,606.50000,1195.00000,2,3,1,600,1189,613,1201,100,0.00000,286.00000,0,1,0,83,83
84,6,611.00000,482.00000,2,3,1,604,470,633,492,129,1677.00000,2867.00000,1,1,65,84,84
85,6,725.00000,644.00000,2,3,1,718,637,732,651,129,0.00000,4026.00000,0,1,0,85,85
86,6,1043.00000,803.00000,2,3,1,1036,796,1050,810,129,0.00000,4331.00000,0,1,0,86,86
87,6,1139.00000,857.00000,2,3,1,1132,850,1146,864,129,0.00000,4514.00000,0,1,0,87,87
88,6,1213.00000,653.00000,2,3,1,1206,646,1220,660,129,0.00000,3782.00000,0,1,0,88,88
89,7,165.00000,679.00000,1,4,1,152,668,176,690,289,4902.00000,3904.00000,1,1,89,99,89
90,7,267.00000,1004.00000,1,4,1,256,993,278,1015,289,14061.00000,0.00000,1,0,90,0,90
91,7,584.00000,798.00000,1,4,1,573,789,594,809,266,9933.00000,0.00000,1,0,91,0,91
92,7,630.00000,828.00000,1,4,1,619,817,641,839,289,10707.00000,0.00000,1,0,92,0,92
93,7,819.00000,905.00000,1,4,1,808,894,830,916,289,11610.00000,0.00000,1,0,93,0,93
94,7,866.00000,1106.00000,1,4,1,855,1095,877,1117,289,32895.00000,0.00000,1,0,94,0,94
95,7,878.00000,459.00000,1,4,1,867,448,889,470,313,774.00000,0.00000,1,0,95,0,95
96,7,934.00000,623.00000,1,4,1,923,612,945,634,289,4128.00000,0.00000,1,0,96,0,96
97,7,997.00000,769.00000,1,4,1,986,758,1008,780,289,5805.00000,0.00000,1,0,97,0,97
98,7,1007.00000,921.00000,1,4,1,996,910,1018,932,289,12384.00000,0.00000,1,0,98,0,98
99,8,159.00000,677.00000,2,4,1,152,668,176,690,127,4902.00000,3904.00000,1,1,89,99,99
100,8,159.00000,929.00000,2,4,1,152,922,166,936,129,0.00000,4636.00000,0,1,0,100,100
101,8,160.00000,695.00000,2,4,1,153,688,167,702,127,0.00000,4209.00000,0,1,0,101,101
102,8,193.00000,854.00000,2,4,1,186,847,200,861,129,0.00000,13664.00000,0,1,0,102,102
103,8,297.00000,953.00000,2,4,1,290,946,304,960,109,0.00000,128.00000,0,1,0,103,103
104,8,337.00000,466.00000,2,4,1,330,459,344,472,106,0.00000,123.00000,0,1,0,104,104
105,8,340.40000,481.60000,2,4,1,334,475,347,488,101,0.00000,220.00000,0,1,0,105,105
106,8,342.57143,438.57143,2,4,1,337,431,348,446,109,0.00000,238.00000,0,1,0,106,106
107,8,350.00000,493.00000,2,4,1,344,488,355,499,78,0.00000,162.00000,0,1,0,107,107
108,8,367.22424,494.39406,2,4,1,356,488,377,500,159,0.00000,1213.00000,0,1,0,108,108
109,8,371.00000,152.00000,2,4,1,363,144,379,160,149,0.00000,122.00000,0,1,0,109,109
110,8,499.00000,318.00000,2,4,1,492,311,506,325,129,0.00000,15555.00000,0,1,0,110,110
111,8,611.00000,485.00000,2,4,1,604,478,618,492,129,-172.01786,2867.00000,0,1,0,111,111
112,8,617.00000,775.00000,2,4,1,610,768,624,782,129,2361.80357,7686.00000,0,1,0,112,112
113,8,707.00000,659.00000,2,4,1,700,652,714,666,129,0.00000,4026.00000,0,1,0,113,113
114,8,802.00000,300.00000,2,4,1,795,293,809,307,129,0.00000,915.00000,0,1,0,114,114
115,8,1042.00000,802.00000,2,4,1,1035,795,1049,809,129,0.00000,4331.00000,0,1,0,115,115
116,8,1139.00000,857.00000,2,4,1,1132,850,1146,864,129,0.00000,4514.00000,0,1,0,116,116
117,8,1213.00000,653.00000,2,4,1,1206,646,1220,660,129,0.00000,3782.00000,0,1,0,117,117
118,9,166.00000,679.00000,1,5,1,154,668,177,690,289,4902.00000,2841.40000,1,1,118,133,118
119,9,359.00000,503.00000,1,5,1,348,487,379,514,289,32895.00000,714.89655,1,1,119,138,119
120,9,585.00000,798.00000,1,5,1,574,789,595,809,266,9933.00000,0.00000,1,0,120,0,120
121,9,593.00000,778.00000,1,5,1,583,767,602,786,235,6579.00000,0.00000,1,0,121,0,121
122,9,616.13359,465.94988,1,5,1,606,454,626,490,391,16512.00000,2867.00000,1,0,122,0,122
123,9,621.76848,779.56648,1,5,1,608,769,641,788,408,27552.00000,7686.00000,1,1,123,145,123
124,9,632.00000,829.00000,1,5,1,621,818,643,840,289,10707.00000,0.00000,1,0,124,0,124
125,9,661.00000,476.00000,1,5,1,650,465,672,487,289,26445.00000,0.00000,1,0,125,0,125
126,9,821.00000,905.00000,1,5,1,810,894,832,916,289,11610.00000,0.00000,1,0,126,0,126
127,9,878.00000,459.00000,1,5,1,867,448,889,470,289,774.00000,0.00000,1,0,127,0,127
128,9,935.00000,623.00000,1,5,1,924,612,946,634,289,4128.00000,0.00000,1,0,128,0,128
129,9,996.00000,774.00000,1,5,1,985,763,1007,785,289,5805.00000,0.00000,1,0,129,0,129
130,9,1005.00000,923.00000,1,5,1,994,912,1016,934,289,12384.00000,0.00000,1,0,130,0,130
131,10,157.00000,694.00000,2,5,1,150,687,164,701,127,0.00000,4209.00000,0,1,0,131,131
132,10,160.00000,928.00000,2,5,1,153,921,167,935,129,0.00000,4636.00000,0,1,0,132,132
133,10,161.00000,677.00000,2,5,1,154,668,177,690,124,4902.00000,2841.40000,1,1,118,133,133
134,10,198.00000,174.50000,2,5,1,192,168,204,181,100,0.00000,236.00000,0,1,0,134,134
135,10,336.50000,464.33333,2,5,1,330,458,343,471,105,0.00000,738.00000,0,1,0,135,135
136,10,339.66667,480.33333,2,5,1,334,474,346,487,96,0.00000,396.00000,0,1,0,136,136
137,10,348.44444,493.55556,2,5,1,342,488,355,500,100,-2019.60000,486.00000,0,1,0,137,137
138,10,369.00866,494.73762,2,5,1,348,487,379,514,172,32895.00000,714.89655,1,1,119,138,138
139,10,371.00000,150.00000,2,5,1,363,142,379,158,149,0.00000,122.00000,0,1,0,139,139
140,10,398.50000,433.00000,2,5,1,392,425,405,441,122,0.00000,60.00000,0,1,0,140,140
141,10,401.92308,455.69231,2,5,1,396,448,408,463,113,0.00000,546.00000,0,1,0,141,141
142,10,507.00000,8.00000,2,5,1,500,1,514,15,129,0.00000,15555.00000,0,1,0,142,142
143,10,531.00000,487.00000,2,5,1,524,480,538,494,129,0.00000,15555.00000,0,1,0,143,143
144,10,611.00000,485.00000,2,5,1,604,478,618,492,129,-185.01786,2867.00000,0,1,0,144,144
145,10,617.00000,776.00000,2,5,1,608,769,641,788,129,27552.00000,7686.00000,1,1,123,145,145
146,10,690.00000,667.00000,2,5,1,683,660,697,674,129,0.00000,4026.00000,0,1,0,146,146
147,10,804.00000,303.00000,2,5,1,797,296,811,310,129,0.00000,915.00000,0,1,0,147,147
148,10,1041.00000,796.00000,2,5,1,1034,789,1048,803,129,0.00000,4331.00000,0,1,0,148,148
149,10,1140.00000,856.00000,2,5,1,1133,849,1147,863,129,0.00000,4514.00000,0,1,0,149,149
150,10,1214.00000,654.00000,2,5,1,1207,647,1221,661,129,0.00000,3782.00000,0,1,0,150,150
151,11,165.00000,679.00000,1,6,1,154,668,176,690,289,4902.00000,1481.15909,1,1,151,164,151
152,11,584.00000,798.00000,1,6,1,573,789,594,809,259,9933.00000,0.00000,1,0,152,0,152
153,11,619.00262,469.01750,1,6,1,609,458,629,480,282,14467.75000,0.00000,1,0,153,0,153
154,11,621.60526,487.07895,1,6,1,602,479,630,496,133,1300.00000,2867.00000,1,1,154,170,154
155,11,633.00000,828.00000,1,6,1,622,817,644,839,289,10707.00000,0.00000,1,0,155,0,155
156,11,821.00000,904.00000,1,6,1,810,893,832,915,289,11610.00000,0.00000,1,0,156,0,156
157,11,877.00000,460.00000,1,6,1,866,449,888,471,289,774.00000,0.00000,1,0,157,0,157
158,11,920.00000,393.00000,1,6,1,909,382,931,404,289,18189.00000,0.00000,1,0,158,0,158
159,11,935.00000,621.00000,1,6,1,924,610,946,632,289,4128.00000,0.00000,1,0,159,0,159
160,11,996.00000,773.00000,1,6,1,985,762,1007,784,289,5805.00000,0.00000,1,0,160,0,160
161,11,1004.00000,924.00000,1,6,1,993,913,1015,935,289,12384.00000,0.00000,1,0,161,0,161
162,12,157.00000,691.00000,2,6,1,150,685,164,698,118,-219.55556,4209.00000,0,1,0,162,162
163,12,159.00000,928.00000,2,6,1,152,921,166,935,129,0.00000,4636.00000,0,1,0,163,163
164,12,161.00000,677.00000,2,6,1,154,668,176,690,117,4902.00000,1481.15909,1,1,151,164,164
165,12,336.50000,461.50000,2,6,1,330,455,343,468,104,0.00000,246.00000,0,1,0,165,165
166,12,349.50000,497.00000,2,6,1,343,491,355,503,98,0.00000,108.00000,0,1,0,166,166
167,12,370.50000,151.30556,2,6,1,364,145,374,159,83,0.00000,53.87500,0,1,0,167,167
168,12,386.00000,145.00000,2,6,1,379,138,393,152,129,0.00000,15555.00000,0,1,0,168,168
169,12,401.22222,454.11111,2,6,1,395,447,407,461,104,0.00000,378.00000,0,1,0,169,169
170,12,609.00000,486.00000,2,6,1,602,479,630,496,129,1300.00000,2867.00000,1,1,154,170,170
171,12,682.00000,682.00000,2,6,1,675,675,689,689,129,0.00000,4026.00000,0,1,0,171,171
172,12,805.00000,313.00000,2,6,1,798,306,812,320,129,0.00000,915.00000,0,1,0,172,172
173,12,1038.00000,792.00000,2,6,1,1031,785,1045,799,129,0.00000,4331.00000,0,1,0,173,173
174,12,1140.00000,855.00000,2,6,1,1133,848,1147,862,129,0.00000,4514.00000,0,1,0,174,174
175,12,1215.00000,654.00000,2,6,1,1208,647,1222,661,129,0.00000,3782.00000,0,1,0,175,175
176,13,166.00000,679.00000,1,7,1,154,668,177,690,289,4902.00000,1691.40000,1,1,176,191,176
177,13,353.00000,916.00000,1,7,1,342,905,364,927,289,17286.00000,0.00000,1,0,177,0,177
178,13,583.00000,823.00000,1,7,1,572,813,594,834,284,19866.00000,0.00000,1,0,178,0,178
179,13,585.00000,797.00000,1,7,1,574,790,595,806,227,9933.00000,0.00000,1,0,179,0,179
180,13,620.00000,468.00000,1,7,1,609,457,630,479,285,14835.00000,0.00000,1,0,180,0,180
181,13,620.92708,487.33333,1,7,1,603,481,630,497,166,1108.32558,2867.00000,1,1,181,196,181
182,13,632.00000,828.00000,1,7,1,621,817,643,839,289,10707.00000,0.00000,1,0,182,0,182
183,13,821.00000,901.00000,1,7,1,810,890,832,912,289,11610.00000,0.00000,1,0,183,0,183
184,13,877.00000,460.00000,1,7,1,866,449,888,471,289,774.00000,0.00000,1,0,184,0,184
185,13,920.00000,395.00000,1,7,1,909,384,931,406,289,18189.00000,0.00000,1,0,185,0,185
186,13,934.00000,620.00000,1,7,1,923,609,945,631,289,4128.00000,0.00000,1,0,186,0,186
187,13,996.00000,772.00000,1,7,1,985,761,1007,783,289,5805.00000,0.00000,1,0,187,0,187
188,13,1005.00000,925.00000,1,7,1,994,914,1016,936,289,12384.00000,0.00000,1,0,188,0,188
189,14,157.00000,692.00000,2,7,1,150,686,164,699,122,0.00000,4209.00000,0,1,0,189,189
190,14,159.00000,927.00000,2,7,1,152,920,166,934,129,0.00000,4636.00000,0,1,0,190,190
191,14,161.00000,677.00000,2,7,1,154,668,177,690,122,4902.00000,1691.40000,1,1,176,191,191
192,14,339.33333,485.00000,2,7,1,333,477,345,492,110,0.00000,132.00000,0,1,0,192,192
193,14,360.00000,425.66667,2,7,1,353,419,367,432,109,0.00000,75.00000,0,1,0,193,193
194,14,371.00000,151.00000,2,7,1,363,143,379,159,141,0.00000,122.00000,0,1,0,194,194
195,14,401.00000,457.00000,2,7,1,394,450,408,464,109,0.00000,42.00000,0,1,0,195,195
196,14,610.00000,488.00000,2,7,1,603,481,630,497,129,1108.32558,2867.00000,1,1,181,196,196
197,14,617.00000,774.00000,2,7,1,610,767,624,781,129,693.00000,9028.00000,0,1,0,197,197
198,14,641.00000,488.00000,2,7,1,634,481,648,495,129,0.00000,8845.00000,0,1,0,198,198
199,14,679.00000,697.00000,2,7,1,672,690,686,704,129,0.00000,4026.00000,0,1,0,199,199
200,14,808.00000,312.00000,2,7,1,801,305,815,319,129,0.00000,915.00000,0,1,0,200,200
201,14,1035.00000,788.00000,2,7,1,1028,781,1042,795,129,0.00000,4331.00000,0,1,0,201,201
202,14,1141.00000,856.00000,2,7,1,1134,849,1148,863,129,0.00000,4514.00000,0,1,0,202,202
203,14,1216.00000,654.00000,2,7,1,1209,647,1223,661,129,0.00000,3782.00000,0,1,0,203,203
204,15,165.00000,678.00000,1,8,1,154,667,176,689,289,4902.00000,2171.15909,1,0,204,0,204
205,15,355.00000,915.00000,1,8,1,344,904,366,926,289,17286.00000,0.00000,1,0,205,0,205
206,15,582.00000,822.00000,1,8,1,571,812,593,833,283,19866.00000,0.00000,1,0,206,0,206
207,15,584.00000,797.00000,1,8,1,573,788,594,806,254,9933.00000,0.00000,1,0,207,0,207
208,15,591.00000,776.00000,1,8,1,581,765,601,784,247,6579.00000,0.00000,1,0,208,0,208
209,15,621.42212,776.86903,1,8,1,608,766,639,786,400,27111.00000,9028.00000,1,1,209,228,209
210,15,620.00000,468.00000,1,8,1,610,457,630,479,283,14526.25000,0.00000,1,0,210,0,210
211,15,619.05682,486.59091,1,8,1,602,480,627,496,147,1121.48780,2867.00000,1,1,211,227,211
212,15,823.00000,902.00000,1,8,1,812,891,834,913,289,11610.00000,0.00000,1,0,212,0,212
213,15,860.00000,1104.00000,1,8,1,849,1093,871,1115,289,32895.00000,0.00000,1,0,213,0,213
214,15,877.00000,460.00000,1,8,1,866,449,888,471,289,774.00000,0.00000,1,0,214,0,214
215,15,919.00000,395.00000,1,8,1,908,384,930,406,289,18189.00000,0.00000,1,0,215,0,215
216,15,933.00000,619.00000,1,8,1,922,608,944,630,289,4128.00000,0.00000,1,0,216,0,216
217,15,996.00000,770.00000,1,8,1,985,759,1007,781,289,5805.00000,0.00000,1,0,217,0,217
218,15,1005.00000,924.00000,1,8,1,994,913,1016,935,289,12384.00000,0.00000,1,0,218,0,218
219,16,161.00000,927.00000,2,8,1,154,920,168,934,129,0.00000,4636.00000,0,1,0,219,219
220,16,336.00000,949.00000,2,8,1,329,942,343,956,129,0.00000,10370.00000,0,1,0,220,220
221,16,337.00000,457.00000,2,8,1,330,450,344,464,109,0.00000,37.00000,0,1,0,221,221
222,16,338.50000,485.25000,2,8,1,332,478,344,491,101,0.00000,176.00000,0,1,0,222,222
223,16,347.60000,499.20000,2,8,1,340,494,355,506,110,0.00000,270.00000,0,1,0,223,223
224,16,359.28571,427.00000,2,8,1,352,421,367,433,115,0.00000,140.00000,0,1,0,224,224
225,16,374.00000,150.00000,2,8,1,366,142,382,158,141,0.00000,122.00000,0,1,0,225,225
226,16,400.00000,459.75000,2,8,1,394,452,406,467,112,0.00000,168.00000,0,1,0,226,226
227,16,609.00000,487.00000,2,8,1,602,480,627,496,129,1121.48780,2867.00000,1,1,211,227,227
228,16,616.00000,775.00000,2,8,1,608,766,639,786,129,27111.00000,9028.00000,1,1,209,228,228
229,16,637.00000,487.00000,2,8,1,630,480,644,494,129,0.00000,8845.00000,0,1,0,229,229
230,16,679.00000,706.00000,2,8,1,672,699,686,713,129,0.00000,4026.00000,0,1,0,230,230
231,16,806.00000,314.81459,2,8,1,799,307,813,322,132,0.00000,9738.00000,0,1,0,231,231
232,16,1036.00000,786.00000,2,8,1,1029,779,1043,793,129,0.00000,4331.00000,0,1,0,232,232
233,16,1141.00000,855.00000,2,8,1,1134,848,1148,862,129,0.00000,4514.00000,0,1,0,233,233
234,16,1215.00000,654.00000,2,8,1,1208,647,1222,661,129,0.00000,3782.00000,0,1,0,234,234
235,17,166.00000,676.00000,1,9,1,155,665,177,687,289,4902.00000,2585.94318,1,0,235,0,235
236,17,359.00000,914.00000,1,9,1,348,903,370,925,289,17286.00000,0.00000,1,0,236,0,236
237,17,584.00000,798.00000,1,9,1,573,789,595,809,273,9933.00000,0.00000,1,0,237,0,237
238,17,591.00000,776.00000,1,9,1,581,765,601,784,252,6579.00000,0.00000,1,0,238,0,238
239,17,618.00000,467.00000,1,9,1,607,456,628,478,285,14835.00000,0.00000,1,0,239,0,239
240,17,622.42212,777.86903,1,9,1,609,767,640,787,400,27111.00000,9028.00000,1,1,240,258,240
241,17,618.92708,486.33333,1,9,1,601,481,628,496,166,897.00000,2867.00000,1,1,241,257,241
242,17,822.00000,902.00000,1,9,1,811,891,833,913,289,11610.00000,0.00000,1,0,242,0,242
243,17,877.00000,460.00000,1,9,1,866,449,888,471,289,774.00000,0.00000,1,0,243,0,243
244,17,934.00000,621.00000,1,9,1,923,610,945,632,289,4128.00000,0.00000,1,0,244,0,244
245,17,996.00000,772.00000,1,9,1,985,761,1007,783,289,5805.00000,0.00000,1,0,245,0,245
246,17,1005.00000,924.00000,1,9,1,994,913,1016,935,289,12384.00000,0.00000,1,0,246,0,246
247,18,161.00000,927.00000,2,9,1,154,920,168,934,129,0.00000,4636.00000,0,1,0,247,247
248,18,337.66667,487.00000,2,9,1,331,480,344,493,103,0.00000,132.00000,0,1,0,248,248
249,18,348.00000,501.00000,2,9,1,341,495,354,507,98,0.00000,162.00000,0,1,0,249,249
250,18,349.00000,436.50000,2,9,1,342,431,354,443,90,0.00000,50.00000,0,1,0,250,250
251,18,354.00000,941.00000,2,9,1,347,934,361,948,129,0.00000,10370.00000,0,1,0,251,251
252,18,359.28571,429.00000,2,9,1,353,423,367,435,109,0.00000,140.00000,0,1,0,252,252
253,18,366.39575,501.09960,2,9,1,355,494,377,507,171,0.00000,753.00000,0,1,0,253,253
254,18,376.00000,154.00000,2,9,1,368,146,384,162,141,0.00000,122.00000,0,1,0,254,254
255,18,394.66667,437.66667,2,9,1,388,431,401,444,106,0.00000,1530.00000,0,1,0,255,255
256,18,399.64286,460.28571,2,9,1,394,453,406,467,105,0.00000,588.00000,0,1,0,256,256
257,18,608.00000,489.00000,2,9,1,601,481,628,496,129,897.00000,2867.00000,1,1,241,257,257
258,18,617.00000,776.00000,2,9,1,609,767,640,787,129,27111.00000,9028.00000,1,1,240,258,258
259,18,681.00000,703.00000,2,9,1,674,696,688,710,129,0.00000,4026.00000,0,1,0,259,259
260,18,809.00000,320.00000,2,9,1,802,313,816,327,129,0.00000,9333.00000,0,1,0,260,260
261,18,1036.00000,786.00000,2,9,1,1029,779,1043,793,129,0.00000,4331.00000,0,1,0,261,261
262,18,1141.00000,856.00000,2,9,1,1134,849,1148,863,129,0.00000,4514.00000,0,1,0,262,262
263,18,1214.00000,654.00000,2,9,1,1207,647,1221,661,129,0.00000,3782.00000,0,1,0,263,263
264,19,165.00000,678.00000,1,10,1,154,667,176,689,289,4902.00000,5002.51136,1,0,264,0,264
265,19,360.00000,916.00000,1,10,1,349,905,371,927,289,17286.00000,0.00000,1,0,265,0,265
266,19,584.00000,799.00000,1,10,1,573,790,595,810,276,9933.00000,0.00000,1,0,266,0,266
267,19,593.00000,776.00000,1,10,1,582,765,603,785,261,6579.00000,0.00000,1,0,267,0,267
268,19,618.96324,468.88469,1,10,1,609,457,629,492,370,16512.00000,0.00000,1,0,268,0,268
269,19,623.79736,778.20315,1,10,1,610,767,643,789,424,27846.00000,9028.00000,1,1,269,283,269
270,19,822.00000,903.00000,1,10,1,811,892,833,914,289,11610.00000,0.00000,1,0,270,0,270
271,19,877.00000,460.00000,1,10,1,866,449,888,471,289,774.00000,0.00000,1,0,271,0,271
272,19,934.00000,620.00000,1,10,1,923,609,945,631,289,4128.00000,0.00000,1,0,272,0,272
273,19,1006.00000,928.00000,1,10,1,995,917,1017,939,289,12384.00000,0.00000,1,0,273,0,273
274,20,163.00000,928.00000,2,10,1,156,921,170,935,129,0.00000,4636.00000,0,1,0,274,274
275,20,189.00000,870.00000,2,10,1,182,863,196,877,129,0.00000,9638.00000,0,1,0,275,275
276,20,336.00000,486.00000,2,10,1,329,479,343,493,109,0.00000,44.00000,0,1,0,276,276
277,20,349.40000,436.40000,2,10,1,343,430,355,443,99,0.00000,125.00000,0,1,0,277,277
278,20,361.25000,428.25000,2,10,1,355,422,369,434,100,0.00000,80.00000,0,1,0,278,278
279,20,366.48908,501.50218,2,10,1,359,496,374,507,104,0.00000,458.00000,0,1,0,279,279
280,20,372.00000,149.00000,2,10,1,364,141,380,157,141,0.00000,122.00000,0,1,0,280,280
281,20,394.00000,929.00000,2,10,1,387,922,401,936,129,0.00000,10065.00000,0,1,0,281,281
282,20,400.10000,460.80000,2,10,1,394,453,406,468,110,0.00000,420.00000,0,1,0,282,282
283,20,617.00000,776.00000,2,10,1,610,767,643,789,129,27846.00000,9028.00000,1,1,269,283,283
284,20,678.00000,700.00000,2,10,1,671,693,685,707,129,0.00000,4026.00000,0,1,0,284,284
285,20,808.00000,318.00000,2,10,1,801,311,815,325,129,0.00000,9333.00000,0,1,0,285,285
286,20,1037.00000,784.00000,2,10,1,1030,777,1044,791,129,0.00000,4331.00000,0,1,0,286,286
287,20,1141.00000,856.00000,2,10,1,1134,849,1148,863,129,0.00000,4514.00000,0,1,0,287,287
288,20,1213.00000,654.00000,2,10,1,1206,647,1220,661,129,0.00000,3782.00000,0,1,0,288,288
289,21,168.00000,678.00000,1,11,1,157,667,179,689,289,4902.00000,1755.59091,1,0,289,0,289
290,21,584.00000,800.00000,1,11,1,573,791,595,811,277,9933.00000,0.00000,1,0,290,0,290
291,21,591.00000,776.00000,1,11,1,580,765,602,785,274,6579.00000,0.00000,1,0,291,0,291
292,21,619.04497,467.96881,1,11,1,609,456,629,492,389,16512.00000,10247.81250,1,0,292,0,292
293,21,631.00000,779.00000,1,11,1,611,768,642,790,289,9030.00000,9028.00000,1,1,293,310,293
294,21,635.00000,827.00000,1,11,1,624,816,646,838,289,32895.00000,0.00000,1,0,294,0,294
295,21,821.00000,902.00000,1,11,1,810,891,832,913,289,11610.00000,0.00000,1,0,295,0,295
296,21,876.00000,461.00000,1,11,1,865,450,887,472,289,774.00000,0.00000,1,0,296,0,296
297,21,920.00000,395.00000,1,11,1,909,384,931,406,289,16512.00000,0.00000,1,0,297,0,297
298,21,934.00000,621.00000,1,11,1,923,610,945,632,289,4128.00000,0.00000,1,0,298,0,298
299,21,1007.00000,929.00000,1,11,1,996,918,1018,940,289,12384.00000,0.00000,1,0,299,0,299
300,22,89.00000,617.00000,2,11,1,82,610,96,624,129,0.00000,9882.00000,0,1,0,300,300
301,22,160.14341,929.28263,2,11,1,151,923,172,935,177,0.00000,13436.00000,0,1,0,301,301
302,22,182.00000,872.00000,2,11,1,175,865,189,879,129,0.00000,9638.00000,0,1,0,302,302
303,22,334.40000,485.20000,2,11,1,328,479,341,492,104,0.00000,220.00000,0,1,0,303,303
304,22,349.75000,437.00000,2,11,1,343,430,355,444,101,0.00000,80.00000,0,1,0,304,304
305,22,363.00000,429.00000,2,11,1,357,423,370,435,100,0.00000,465.00000,0,1,0,305,305
306,22,370.00000,150.00000,2,11,1,362,142,378,158,149,0.00000,122.00000,0,1,0,306,306
307,22,399.50000,451.66667,2,11,1,394,444,405,460,115,0.00000,252.00000,0,1,0,307,307
308,22,420.00000,919.00000,2,11,1,413,912,427,926,129,0.00000,10065.00000,0,1,0,308,308
309,22,614.00000,488.00000,2,11,1,607,481,621,495,129,-133.25000,15555.00000,0,1,0,309,309
310,22,618.00000,776.00000,2,11,1,611,768,642,790,129,9030.00000,9028.00000,1,1,293,310,310
311,22,648.00000,57.00000,2,11,1,641,50,655,64,129,0.00000,15555.00000,0,1,0,311,311
312,22,677.00000,695.00000,2,11,1,670,688,684,702,129,0.00000,4026.00000,0,1,0,312,312
313,22,802.00000,326.00000,2,11,1,795,319,809,333,129,0.00000,9333.00000,0,1,0,313,313
314,22,1037.00000,783.00000,2,11,1,1030,776,1044,790,129,0.00000,4331.00000,0,1,0,314,314
315,22,1139.00000,858.00000,2,11,1,1132,851,1146,865,129,0.00000,4514.00000,0,1,0,315,315
316,22,1212.00000,653.00000,2,11,1,1205,646,1219,660,129,0.00000,3782.00000,0,1,0,316,316
317,23,171.00000,678.00000,1,12,1,160,667,182,689,289,4902.00000,2313.07955,1,1,317,330,317
318,23,330.30973,493.15044,1,12,1,320,479,340,504,277,28815.00000,176.00000,1,1,318,333,318
319,23,585.00000,799.00000,1,12,1,574,790,596,810,276,9933.00000,0.00000,1,0,319,0,319
320,23,589.00000,776.00000,1,12,1,578,765,600,785,268,6579.00000,0.00000,1,0,320,0,320
321,23,617.13359,468.94988,1,12,1,607,457,627,493,392,16512.00000,0.00000,1,0,321,0,321
322,23,625.41395,778.45504,1,12,1,612,768,642,788,376,26150.00000,9028.00000,1,1,322,339,322
323,23,822.00000,902.00000,1,12,1,811,891,833,913,289,11610.00000,0.00000,1,0,323,0,323
324,23,876.00000,460.00000,1,12,1,865,449,887,471,297,774.00000,0.00000,1,0,324,0,324
325,23,920.00000,395.00000,1,12,1,909,384,931,406,289,16512.00000,0.00000,1,0,325,0,325
326,23,1007.00000,928.00000,1,12,1,996,917,1018,939,289,12384.00000,0.00000,1,0,326,0,326
327,24,91.00000,620.00000,2,12,1,84,613,98,627,129,0.00000,9882.00000,0,1,0,327,327
328,24,158.00000,690.00000,2,12,1,151,684,165,697,119,0.00000,4209.00000,0,1,0,328,328
329,24,160.00000,935.00000,2,12,1,153,928,167,942,129,0.00000,9760.00000,0,1,0,329,329
330,24,167.00000,677.00000,2,12,1,160,667,182,689,119,4902.00000,2313.07955,1,1,317,330,330
331,24,182.00000,873.00000,2,12,1,175,866,189,880,129,0.00000,9638.00000,0,1,0,331,331
332,24,197.00000,183.00000,2,12,1,190,175,204,191,119,0.00000,36.00000,0,1,0,332,332
333,24,333.25000,486.75000,2,12,1,320,479,340,504,110,28815.00000,176.00000,1,1,318,333,333
334,24,343.50000,502.00000,2,12,1,337,496,350,508,101,0.00000,108.00000,0,1,0,334,334
335,24,367.00000,150.00000,2,12,1,359,142,375,158,141,0.00000,122.00000,0,1,0,335,335
336,24,366.00000,430.00000,2,12,1,359,424,373,436,103,0.00000,465.00000,0,1,0,336,336
337,24,399.00000,454.00000,2,12,1,393,447,405,461,103,0.00000,126.00000,0,1,0,337,337
338,24,437.00000,906.00000,2,12,1,430,899,444,913,129,0.00000,10065.00000,0,1,0,338,338
339,24,619.00000,776.00000,2,12,1,612,768,642,788,129,26150.00000,9028.00000,1,1,322,339,339
340,24,674.00000,697.00000,2,12,1,667,690,681,704,129,0.00000,4026.00000,0,1,0,340,340
341,24,809.00000,316.00000,2,12,1,802,309,816,323,129,0.00000,9333.00000,0,1,0,341,341
342,24,1037.00000,782.00000,2,12,1,1030,775,1044,789,129,0.00000,4331.00000,0,1,0,342,342
343,24,1138.00000,860.00000,2,12,1,1131,853,1145,867,129,0.00000,4514.00000,0,1,0,343,343
344,24,1212.00000,654.00000,2,12,1,1205,647,1219,661,129,0.00000,3782.00000,0,1,0,344,344
345,25,170.00000,676.00000,1,13,1,159,665,181,687,289,4902.00000,3558.21591,1,1,345,358,345
346,25,585.00000,800.00000,1,13,1,574,791,596,811,277,9933.00000,0.00000,1,0,346,0,346
347,25,592.00000,777.00000,1,13,1,581,766,602,785,261,6579.00000,0.00000,1,0,347,0,347
348,25,620.00000,467.00000,1,13,1,610,456,630,478,283,14526.25000,0.00000,1,0,348,0,348
349,25,623.92348,778.95163,1,13,1,611,769,642,789,398,33409.00000,9028.00000,1,1,349,367,349
350,25,620.94318,485.59091,1,13,1,613,480,630,495,150,994.50000,0.00000,1,0,350,0,350
351,25,820.00000,902.00000,1,13,1,809,891,831,913,289,11610.00000,0.00000,1,0,351,0,351
352,25,876.00000,460.00000,1,13,1,865,449,887,471,297,774.00000,0.00000,1,0,352,0,352
353,25,923.00000,399.00000,1,13,1,912,388,934,410,289,16512.00000,0.00000,1,0,353,0,353
354,25,935.00000,621.00000,1,13,1,924,610,946,632,289,21414.00000,0.00000,1,0,354,0,354
355,25,998.00000,770.00000,1,13,1,987,759,1009,781,289,22317.00000,0.00000,1,0,355,0,355
356,26,156.00000,690.00000,2,13,1,149,683,163,697,123,0.00000,4209.00000,0,1,0,356,356
357,26,157.00000,934.00000,2,13,1,150,927,164,941,129,0.00000,9760.00000,0,1,0,357,357
358,26,166.00000,676.00000,2,13,1,159,665,181,687,120,4902.00000,3558.21591,1,1,345,358,358
359,26,181.00000,876.00000,2,13,1,174,869,188,883,129,0.00000,9638.00000,0,1,0,359,359
360,26,349.00000,70.00000,2,13,1,342,63,356,77,129,0.00000,15555.00000,0,1,0,360,360
361,26,364.00000,431.00000,2,13,1,357,425,371,437,103,0.00000,465.00000,0,1,0,361,361
362,26,366.00000,503.00000,2,13,1,359,496,373,510,109,0.00000,57.00000,0,1,0,362,362
363,26,371.00000,152.00000,2,13,1,363,144,379,160,149,0.00000,122.00000,0,1,0,363,363
364,26,399.00000,454.00000,2,13,1,392,447,406,461,109,0.00000,126.00000,0,1,0,364,364
365,26,430.00000,789.00000,2,13,1,423,782,437,796,129,0.00000,15555.00000,0,1,0,365,365
366,26,564.00000,637.00000,2,13,1,557,630,571,644,129,0.00000,13969.00000,0,1,0,366,366
367,26,619.00000,778.00000,2,13,1,611,769,642,789,129,33409.00000,9028.00000,1,1,349,367,367
368,26,674.00000,696.00000,2,13,1,667,689,681,703,129,0.00000,4026.00000,0,1,0,368,368
369,26,1037.00000,781.00000,2,13,1,1030,774,1044,788,129,0.00000,4331.00000,0,1,0,369,369
370,26,1139.00000,861.00000,2,13,1,1132,854,1146,868,129,0.00000,4514.00000,0,1,0,370,370
371,26,1213.00000,654.00000,2,13,1,1206,647,1220,661,129,0.00000,3782.00000,0,1,0,371,371
372,27,172.00000,675.00000,1,14,1,159,664,183,686,289,4902.00000,3904.00000,1,1,372,386,372
373,27,584.00000,801.00000,1,14,1,573,792,595,812,277,9933.00000,0.00000,1,0,373,0,373
374,27,592.00000,777.00000,1,14,1,581,766,601,786,263,6579.00000,0.00000,1,0,374,0,374
375,27,618.00000,467.00000,1,14,1,607,456,628,478,284,14517.55814,0.00000,1,0,375,0,375
376,27,620.73034,485.60674,1,14,1,613,480,630,495,152,994.50000,0.00000,1,0,376,0,376
377,27,821.00000,902.00000,1,14,1,810,891,832,913,289,11610.00000,0.00000,1,0,377,0,377
378,27,876.00000,460.00000,1,14,1,865,449,887,471,289,774.00000,0.00000,1,0,378,0,378
379,27,934.00000,622.00000,1,14,1,923,611,945,633,289,21414.00000,0.00000,1,0,379,0,379
380,27,999.00000,769.00000,1,14,1,988,758,1010,780,289,22317.00000,0.00000,1,0,380,0,380
381,27,1005.00000,931.00000,1,14,1,994,920,1016,942,289,32895.00000,0.00000,1,0,381,0,381
382,28,36.00000,695.00000,2,14,1,29,688,43,702,129,0.00000,13786.00000,0,1,0,382,382
383,28,68.00000,644.00000,2,14,1,61,637,75,651,129,0.00000,15555.00000,0,1,0,383,383
384,28,154.00000,685.00000,2,14,1,147,678,161,692,123,0.00000,4209.00000,0,1,0,384,384
385,28,157.00000,934.00000,2,14,1,150,927,164,941,129,0.00000,9760.00000,0,1,0,385,385
386,28,166.00000,674.00000,2,14,1,159,664,183,686,121,4902.00000,3904.00000,1,1,372,386,386
387,28,361.00000,505.00000,2,14,1,354,498,368,512,109,0.00000,57.00000,0,1,0,387,387
388,28,371.00000,155.00000,2,14,1,363,147,379,163,149,0.00000,122.00000,0,1,0,388,388
389,28,398.60000,454.80000,2,14,1,393,447,405,462,112,0.00000,210.00000,0,1,0,389,389
390,28,534.00000,646.00000,2,14,1,527,639,541,653,129,0.00000,13969.00000,0,1,0,390,390
391,28,618.00000,778.00000,2,14,1,611,771,625,785,129,13565.64286,9028.00000,0,1,0,391,391
392,28,672.00000,690.00000,2,14,1,665,683,679,697,129,0.00000,4026.00000,0,1,0,392,392
393,28,1036.00000,776.00000,2,14,1,1029,769,1043,783,129,0.00000,4331.00000,0,1,0,393,393
394,28,1139.00000,862.00000,2,14,1,1132,855,1146,869,129,0.00000,4514.00000,0,1,0,394,394
395,28,1213.00000,654.00000,2,14,1,1206,647,1220,661,129,0.00000,3782.00000,0,1,0,395,395
396,29,174.00000,673.00000,1,15,1,163,662,185,684,289,4902.00000,1964.94318,1,0,396,0,396
397,29,583.00000,801.00000,1,15,1,572,792,594,812,277,9933.00000,0.00000,1,0,397,0,397
398,29,591.00000,777.00000,1,15,1,580,766,601,786,268,6579.00000,0.00000,1,0,398,0,398
399,29,617.94138,469.11387,1,15,1,608,457,628,494,410,16512.00000,0.00000,1,0,399,0,399
400,29,820.00000,903.00000,1,15,1,809,892,831,914,289,11610.00000,0.00000,1,0,400,0,400
401,29,876.00000,460.00000,1,15,1,865,449,887,471,289,774.00000,0.00000,1,0,401,0,401
402,29,934.00000,622.00000,1,15,1,923,611,945,633,289,21414.00000,0.00000,1,0,402,0,402
403,29,1000.00000,772.00000,1,15,1,989,761,1011,783,289,22317.00000,0.00000,1,0,403,0,403
404,30,37.00000,697.00000,2,15,1,30,690,44,704,129,0.00000,13786.00000,0,1,0,404,404
405,30,158.00000,934.00000,2,15,1,151,927,165,941,129,0.00000,9760.00000,0,1,0,405,405
406,30,341.00000,502.00000,2,15,1,334,496,348,508,103,0.00000,162.00000,0,1,0,406,406
407,30,345.00000,73.00000,2,15,1,338,66,352,80,129,0.00000,15555.00000,0,1,0,407,407
408,30,352.50000,437.00000,2,15,1,346,431,359,443,92,0.00000,510.00000,0,1,0,408,408
409,30,373.00000,154.00000,2,15,1,365,146,381,162,149,0.00000,122.00000,0,1,0,409,409
410,30,380.50000,493.00000,2,15,1,374,487,387,499,108,0.00000,98.00000,0,1,0,410,410
411,30,399.42857,456.28571,2,15,1,394,449,405,464,109,0.00000,294.00000,0,1,0,411,411
412,30,617.00000,779.00000,2,15,1,610,772,624,786,129,13565.64286,9028.00000,0,1,0,412,412
413,30,669.00000,690.00000,2,15,1,662,683,676,697,129,0.00000,4026.00000,0,1,0,413,413
414,30,1036.00000,777.00000,2,15,1,1029,770,1043,784,129,0.00000,4331.00000,0,1,0,414,414
415,30,1138.00000,865.00000,2,15,1,1131,858,1145,872,129,0.00000,4514.00000,0,1,0,415,415
416,30,1212.00000,654.00000,2,15,1,1205,647,1219,661,129,0.00000,3782.00000,0,1,0,416,416
417,31,175.00000,668.00000,1,16,1,163,657,186,679,289,4902.00000,1985.80000,1,1,417,428,417
418,31,251.00000,1009.00000,1,16,1,240,998,262,1020,289,23994.00000,0.00000,1,0,418,0,418
419,31,584.00000,800.00000,1,16,1,573,791,595,811,277,9933.00000,0.00000,1,0,419,0,419
420,31,591.00000,777.00000,1,16,1,580,766,601,785,261,6579.00000,0.00000,1,0,420,0,420
421,31,618.05862,469.11387,1,16,1,608,457,628,494,410,16512.00000,0.00000,1,0,421,0,421
422,31,820.00000,903.00000,1,16,1,809,892,831,914,289,11610.00000,0.00000,1,0,422,0,422
423,31,876.00000,460.00000,1,16,1,865,449,887,471,297,774.00000,0.00000,1,0,423,0,423
424,31,934.00000,623.00000,1,16,1,923,612,945,634,289,21414.00000,0.00000,1,0,424,0,424
425,31,999.00000,772.00000,1,16,1,988,761,1010,783,289,22317.00000,0.00000,1,0,425,0,425
426,32,158.00000,934.00000,2,16,1,151,927,165,941,129,0.00000,9760.00000,0,1,0,426,426
427,32,165.00000,682.00000,2,16,1,158,676,172,689,117,0.00000,4209.00000,0,1,0,427,427
428,32,170.00000,670.00000,2,16,1,163,657,186,679,116,4902.00000,1985.80000,1,1,417,428,428
429,32,369.00000,155.00000,2,16,1,361,147,377,163,149,0.00000,122.00000,0,1,0,429,429
430,32,397.30435,455.86957,2,16,1,392,444,403,466,155,0.00000,276.00000,0,1,0,430,430
431,32,431.00000,798.00000,2,16,1,424,791,438,805,129,0.00000,11712.00000,0,1,0,431,431
432,32,617.00000,779.00000,2,16,1,610,772,624,786,129,14470.23214,9028.00000,0,1,0,432,432
433,32,667.00000,692.00000,2,16,1,660,685,674,699,129,0.00000,4026.00000,0,1,0,433,433
434,32,1037.00000,778.00000,2,16,1,1030,771,1044,785,129,0.00000,4331.00000,0,1,0,434,434
435,32,1138.00000,866.00000,2,16,1,1131,859,1145,873,129,0.00000,4514.00000,0,1,0,435,435
436,32,1213.00000,655.00000,2,16,1,1206,648,1220,662,129,0.00000,3782.00000,0,1,0,436,436
437,32,1218.00000,716.00000,2,16,1,1211,709,1225,723,129,0.00000,15555.00000,0,1,0,437,437
438,33,178.00000,665.00000,1,17,1,167,654,189,676,289,4902.00000,2173.51136,1,0,438,0,438
439,33,254.00000,1011.00000,1,17,1,243,1000,265,1022,289,23994.00000,0.00000,1,0,439,0,439
440,33,583.00000,800.00000,1,17,1,572,791,594,811,277,9933.00000,0.00000,1,0,440,0,440
441,33,590.00000,777.00000,1,17,1,579,766,600,785,261,6579.00000,0.00000,1,0,441,0,441
442,33,619.00000,467.00000,1,17,1,609,456,629,478,283,14526.25000,0.00000,1,0,442,0,442
443,33,622.21845,779.95657,1,17,1,609,769,642,790,418,31942.00000,9028.00000,1,1,443,459,443
444,33,618.05682,485.59091,1,17,1,610,480,626,495,147,1007.70968,0.00000,1,0,444,0,444
445,33,819.00000,903.00000,1,17,1,808,892,830,914,289,11610.00000,0.00000,1,0,445,0,445
446,33,876.00000,460.00000,1,17,1,865,449,887,471,289,774.00000,0.00000,1,0,446,0,446
447,33,934.00000,622.00000,1,17,1,923,611,945,633,289,21414.00000,0.00000,1,0,447,0,447
448,33,998.00000,771.00000,1,17,1,987,760,1009,782,289,22317.00000,0.00000,1,0,448,0,448
449,34,161.00000,933.00000,2,17,1,154,926,168,940,129,0.00000,9760.00000,0,1,0,449,449
450,34,197.00000,503.00000,2,17,1,190,496,204,510,129,0.00000,15555.00000,0,1,0,450,450
451,34,244.00000,482.00000,2,17,1,237,475,251,489,129,0.00000,15555.00000,0,1,0,451,451
452,34,336.00000,504.00000,2,17,1,329,497,343,511,109,0.00000,54.00000,0,1,0,452,452
453,34,342.00000,77.00000,2,17,1,335,70,349,84,129,0.00000,11285.00000,0,1,0,453,453
454,34,353.00000,508.00000,2,17,1,346,501,360,515,109,0.00000,52.00000,0,1,0,454,454
455,34,371.00000,154.00000,2,17,1,363,146,379,162,149,0.00000,122.00000,0,1,0,455,455
456,34,379.00000,494.00000,2,17,1,372,487,386,501,109,0.00000,49.00000,0,1,0,456,456
457,34,394.55652,451.73043,2,17,1,389,439,401,461,154,0.00000,230.00000,0,1,0,457,457
458,34,431.00000,797.00000,2,17,1,424,790,438,804,129,0.00000,11712.00000,0,1,0,458,458
459,34,617.00000,779.00000,2,17,1,609,769,642,790,129,31942.00000,9028.00000,1,1,443,459,459
460,34,666.00000,696.00000,2,17,1,659,689,673,703,129,0.00000,4026.00000,0,1,0,460,460
461,34,1034.00000,776.00000,2,17,1,1027,769,1041,783,129,0.00000,4331.00000,0,1,0,461,461
462,34,1138.00000,866.00000,2,17,1,1131,859,1145,873,129,0.00000,4514.00000,0,1,0,462,462
463,34,1213.00000,655.00000,2,17,1,1206,648,1220,662,129,0.00000,3782.00000,0,1,0,463,463
464,35,182.00000,665.00000,1,18,1,170,654,193,676,289,4902.00000,3904.00000,1,1,464,476,464
465,35,583.00000,800.00000,1,18,1,572,791,594,811,274,9933.00000,0.00000,1,0,465,0,465
466,35,591.00000,778.00000,1,18,1,581,767,600,786,247,6579.00000,0.00000,1,0,466,0,466
467,35,616.98113,486.03774,1,18,1,608,475,637,494,113,-1341.75000,15555.00000,1,1,467,484,467
468,35,621.56929,781.48472,1,18,1,608,771,642,791,424,32121.00000,9028.00000,1,1,468,483,468
469,35,627.00000,469.00000,1,18,1,617,458,638,479,282,14430.76190,-7735.00000,1,0,469,0,469
470,35,819.00000,904.00000,1,18,1,808,893,830,915,289,11610.00000,0.00000,1,0,470,0,470
471,35,876.00000,460.00000,1,18,1,865,449,887,471,289,774.00000,0.00000,1,0,471,0,471
472,35,933.00000,624.00000,1,18,1,922,613,944,635,289,21414.00000,0.00000,1,0,472,0,472
473,35,999.00000,773.00000,1,18,1,988,762,1010,784,289,22317.00000,0.00000,1,0,473,0,473
474,36,156.00000,935.00000,2,18,1,149,928,163,942,129,0.00000,9760.00000,0,1,0,474,474
475,36,174.00000,681.00000,2,18,1,167,675,181,688,117,0.00000,4209.00000,0,1,0,475,475
476,36,177.00000,667.00000,2,18,1,170,654,193,676,117,4902.00000,3904.00000,1,1,464,476,476
477,36,334.00000,502.50000,2,18,1,328,496,340,509,108,0.00000,108.00000,0,1,0,477,477
478,36,340.00000,83.00000,2,18,1,333,76,347,90,129,0.00000,11285.00000,0,1,0,478,478
479,36,365.61037,434.00000,2,18,1,354,428,378,440,181,0.00000,829.00000,0,1,0,479,479
480,36,374.00000,151.00000,2,18,1,366,143,382,159,149,0.00000,122.00000,0,1,0,480,480
481,36,394.75000,457.25000,2,18,1,389,450,401,465,112,0.00000,120.00000,0,1,0,481,481
482,36,430.00000,795.00000,2,18,1,423,788,437,802,129,0.00000,11712.00000,0,1,0,482,482
483,36,616.00000,779.00000,2,18,1,608,771,642,791,129,32121.00000,9028.00000,1,1,468,483,483
484,36,630.00000,482.00000,2,18,1,608,475,637,494,129,-1341.75000,15555.00000,1,1,467,484,484
485,36,665.00000,695.00000,2,18,1,658,688,672,702,129,0.00000,4026.00000,0,1,0,485,485
486,36,1037.00000,776.00000,2,18,1,1030,769,1044,783,129,0.00000,4331.00000,0,1,0,486,486
487,36,1137.00000,866.00000,2,18,1,1130,859,1144,873,129,0.00000,4514.00000,0,1,0,487,487
488,36,1212.00000,655.00000,2,18,1,1205,648,1219,662,129,0.00000,3782.00000,0,1,0,488,488
489,37,184.00000,664.00000,1,19,1,173,653,195,675,289,4902.00000,3904.00000,1,1,489,501,489
490,37,584.00000,799.00000,1,19,1,573,790,595,810,272,9933.00000,0.00000,1,0,490,0,490
491,37,592.00000,778.00000,1,19,1,582,767,601,786,244,6579.00000,0.00000,1,0,491,0,491
492,37,618.06452,485.77419,1,19,1,609,482,625,494,120,425.05357,0.00000,1,0,492,0,492
493,37,624.00000,468.00000,1,19,1,614,457,635,479,284,14419.60465,0.00000,1,0,493,0,493
494,37,821.00000,902.00000,1,19,1,810,891,832,913,289,11610.00000,0.00000,1,0,494,0,494
495,37,877.00000,460.00000,1,19,1,866,449,888,471,297,774.00000,0.00000,1,0,495,0,495
496,37,935.00000,623.00000,1,19,1,924,612,946,634,289,21414.00000,0.00000,1,0,496,0,496
497,37,999.00000,775.00000,1,19,1,988,764,1010,786,289,22317.00000,0.00000,1,0,497,0,497
498,37,1011.00000,932.00000,1,19,1,1000,921,1022,943,289,25542.00000,0.00000,1,0,498,0,498
499,38,157.00000,935.00000,2,19,1,150,928,164,942,129,0.00000,9760.00000,0,1,0,499,499
500,38,170.00000,682.00000,2,19,1,163,675,177,689,127,0.00000,4209.00000,0,1,0,500,500
501,38,181.00000,667.00000,2,19,1,173,653,195,675,127,4902.00000,3904.00000,1,1,489,501,501
502,38,329.00000,493.50000,2,19,1,323,487,335,500,98,0.00000,510.00000,0,1,0,502,502
503,38,372.00000,435.00000,2,19,1,365,428,379,442,109,0.00000,182.00000,0,1,0,503,503
504,38,393.01796,451.01198,2,19,1,387,444,399,466,145,0.00000,2505.00000,0,1,0,504,504
505,38,424.00000,928.00000,2,19,1,417,921,431,935,129,0.00000,12749.00000,0,1,0,505,505
506,38,430.00000,793.00000,2,19,1,423,786,437,800,129,0.00000,11712.00000,0,1,0,506,506
507,38,463.00000,1264.00000,2,19,1,456,1257,470,1271,129,0.00000,12322.00000,0,1,0,507,507
508,38,616.00000,780.00000,2,19,1,609,773,623,787,129,12518.98214,9028.00000,0,1,0,508,508
509,38,663.00000,695.00000,2,19,1,656,688,670,702,129,0.00000,4026.00000,0,1,0,509,509
510,38,1037.00000,776.00000,2,19,1,1030,769,1044,783,129,0.00000,4331.00000,0,1,0,510,510
511,38,1136.00000,866.00000,2,19,1,1129,859,1143,873,129,0.00000,4514.00000,0,1,0,511,511
512,38,1213.00000,655.00000,2,19,1,1206,648,1220,662,129,0.00000,3782.00000,0,1,0,512,512
513,38,1218.00000,716.00000,2,19,1,1211,709,1225,723,129,0.00000,15555.00000,0,1,0,513,513
514,39,185.00000,661.00000,1,20,1,174,650,196,673,289,4902.00000,3904.00000,1,1,514,526,514
515,39,420.00000,947.00000,1,20,1,409,931,431,958,289,32895.00000,12749.00000,1,1,515,529,515
516,39,581.00000,800.00000,1,20,1,570,791,592,811,273,9933.00000,0.00000,1,0,516,0,516
517,39,591.00000,779.00000,1,20,1,581,768,601,787,253,6579.00000,0.00000,1,0,517,0,517
518,39,618.48936,487.06383,1,20,1,611,483,624,495,92,217.88000,0.00000,1,0,518,0,518
519,39,819.00000,903.00000,1,20,1,808,892,830,914,289,11610.00000,0.00000,1,0,519,0,519
520,39,876.00000,461.00000,1,20,1,865,450,887,472,297,774.00000,0.00000,1,0,520,0,520
521,39,934.00000,622.00000,1,20,1,923,611,945,633,289,21414.00000,0.00000,1,0,521,0,521
522,39,999.00000,773.00000,1,20,1,988,762,1010,784,289,22317.00000,0.00000,1,0,522,0,522
523,39,1011.00000,932.00000,1,20,1,1000,921,1022,943,289,25542.00000,0.00000,1,0,523,0,523
524,40,159.00000,934.00000,2,20,1,152,927,166,941,129,0.00000,9760.00000,0,1,0,524,524
525,40,166.00000,680.00000,2,20,1,159,673,173,687,129,0.00000,4209.00000,0,1,0,525,525
526,40,182.00000,666.00000,2,20,1,174,650,196,673,129,4902.00000,3904.00000,1,1,514,526,526
527,40,358.00000,435.00000,2,20,1,351,428,365,442,109,0.00000,155.00000,0,1,0,527,527
528,40,394.50000,457.00000,2,20,1,388,450,401,464,110,0.00000,180.00000,0,1,0,528,528
529,40,423.00000,938.00000,2,20,1,409,931,431,958,129,32895.00000,12749.00000,1,1,515,529,529
530,40,430.00000,792.00000,2,20,1,423,785,437,799,129,0.00000,11712.00000,0,1,0,530,530
531,40,462.00000,1264.00000,2,20,1,455,1257,469,1271,129,0.00000,12322.00000,0,1,0,531,531
532,40,616.00000,780.00000,2,20,1,609,773,623,787,129,6210.66071,9028.00000,0,1,0,532,532
533,40,661.00000,696.00000,2,20,1,654,689,668,703,129,0.00000,4026.00000,0,1,0,533,533
534,40,1038.00000,775.00000,2,20,1,1031,768,1045,782,129,0.00000,4331.00000,0,1,0,534,534
535,40,1137.00000,866.00000,2,20,1,1130,859,1144,873,129,0.00000,4514.00000,0,1,0,535,535
536,40,1213.00000,654.00000,2,20,1,1206,647,1220,661,129,0.00000,3782.00000,0,1,0,536,536
