LABEL,ID,TRACK_ID,QUALITY,POSITION_X,POSITION_Y,POSITION_Z,POSITION_T,FRAME,RADIUS,VISIBILITY,MANUAL_SPOT_COLOR,MEAN_INTENSITY_CH1,MEDIAN_INTENSITY_CH1,MIN_INTENSITY_CH1,MAX_INTENSITY_CH1,TOTAL_INTENSITY_CH1,STD_INTENSITY_CH1,EXTRACK_P_STUCK,EXTRACK_P_DIFFUSIVE,CONTRAST_CH1,SNR_CH1
Label,Spot ID,Track ID,Quality,X,Y,Z,T,Frame,Radius,Visibility,Manual spot color,Mean intensity ch1,Median intensity ch1,Min intensity ch1,Max intensity ch1,Sum intensity ch1,Std intensity ch1,Probability stuck,Probability diffusive,Contrast ch1,Signal/Noise ratio ch1
Label,Spot ID,Track ID,Quality,X,Y,Z,T,Frame,R,Visibility,Spot color,Mean ch1,Median ch1,Min ch1,Max ch1,Sum ch1,Std ch1,P stuck,P diffusive,Ctrst ch1,SNR ch1
,,,(quality),(micron),(micron),(micron),(sec),,(micron),,,(counts),(counts),(counts),(counts),(counts),(counts),,,,
ID7441,7441,0,2406.416015625,45.71985689488444,16.76813432820624,0.0,0.0,0,0.35,1,,31425.503875968992,31338.0,24545.0,37219.0,4053890.0,3313.8469528537357,,,0.24253174536130792,3.702038213508787
ID7442,7442,,232.54052734375,59.222287159170364,16.830936329435477,0.0,0.0,0,0.35,1,,2682.5813953488373,2722.0,1858.0,3309.0,346053.0,387.1656359378539,,,0.27915192498666097,3.0241588457467055
ID7443,7443,2,287.64892578125,33.03385264657859,18.652194365083346,0.0,0.0,0,0.35,1,,5868.093023255814,5942.0,4483.0,6625.0,756984.0,512.1490329035774,,,0.1405918313904414,2.8246227961827546
ID7444,7444,1,722.66455078125,51.87445301534965,18.652194365083346,0.0,0.0,0,0.35,1,,7982.31007751938,8054.0,5396.0,10011.0,1029718.0,1179.9247314344993,,,0.2908074061994142,3.0482339796583218
ID7445,7445,3,332.83056640625,30.835782603555298,21.101472413023586,0.0,0.0,0,0.35,1,,8451.08527131783,8566.0,7093.0,9337.0,1090190.0,593.2577963958805,,,0.10986417768887989,2.8202350154061198
ID7446,7446,4,1567.951171875,60.22711917883815,22.42031443883756,0.0,0.0,0,0.35,1,,14764.403100775195,14753.0,10010.0,18680.0,1904608.0,2261.8864172113754,,,0.3708049566148976,3.5313841353199598
ID7447,7447,5,399.98828125,28.07249454946888,22.60872044252527,0.0,0.0,0,0.35,1,,9500.147286821706,9654.0,7141.0,10625.0,1225519.0,846.606545096134,,,0.11878326520170375,2.3828022978133876
ID7448,7448,,262.73583984375,26.753652523654903,28.26090055315659,0.0,0.0,0,0.35,1,,6823.209302325581,6862.0,5748.0,7593.0,880194.0,459.91897510625796,,,0.10546572277728847,2.830762369265686
ID7449,7449,39,240.83349609375,30.835782603555298,29.140128570365903,0.0,0.0,0,0.35,1,,5829.147286821705,5969.0,4482.0,6559.0,751960.0,521.2703848048652,,,0.11504496633186984,2.3075292381334727
ID7450,7450,8,3258.8203125,35.357526692060354,33.9130806637879,0.0,0.0,0,0.35,1,,20821.961240310076,19543.0,9849.0,35844.0,2686033.0,7070.566467983556,,,0.5200125626534264,2.0149490932566914
ID7451,7451,,235.3955078125,24.743988484319324,39.690864776877696,0.0,0.0,0,0.35,1,,4688.6821705426355,4769.0,3439.0,5501.0,604840.0,512.4655626310436,,,0.135669389076529,2.185979340380542
ID7452,7452,,233.0546875,23.362344457276112,39.879270780565406,0.0,0.0,0,0.35,1,,4742.589147286822,4769.0,3751.0,5598.0,611794.0,534.7580587927578,,,0.13170499335521704,2.0642256456640897
ID7453,7453,9,314.04052734375,18.526590362624873,41.44932081129633,0.0,0.0,0,0.35,1,,4914.550387596899,5003.0,3461.0,6040.0,633977.0,700.411653079373,,,0.18127495580973998,2.1535117023865915
ID7454,7454,10,4767.33203125,22.106304432691374,44.33821286784122,0.0,0.0,0,0.35,1,,33652.48062015504,32690.0,18478.0,51360.0,4341170.0,9055.615749961435,,,0.4943336336011623,2.4586781461327454
ID7455,7455,,264.95068359375,16.57972832451853,45.71985689488444,0.0,0.0,0,0.35,1,,3183.9147286821703,3288.0,1745.0,4078.0,410725.0,630.1012943245681,,,0.25081603808042785,2.026482763529672
ID7456,7456,11,1576.1591796875,36.8019727203328,47.91792693790772,0.0,0.0,0,0.35,1,,10480.279069767443,9770.0,4669.0,17769.0,1351956.0,3486.1565288131605,,,0.48882150200849356,1.974074909195627
ID7457,7457,13,243.164794921875,24.053166470797716,48.5459469502001,0.0,0.0,0,0.35,1,,3132.8527131782944,3041.0,2123.0,4325.0,404138.0,554.8343376176464,,,0.1983771767958866,1.869411105890748
ID7458,7458,12,298.56689453125,31.903416624452326,48.5459469502001,0.0,0.0,0,0.35,1,,6669.434108527132,6798.0,5054.0,7717.0,860357.0,686.7899156237805,,,0.11992745373903921,2.0798106331967317
ID7459,7459,14,1601.23046875,14.318856280266004,50.681214991994146,0.0,0.0,0,0.35,1,,9396.527131782947,8495.0,3870.0,16962.0,1212152.0,3563.440071312585,,,0.5864495615482697,1.949540695663075
ID7460,7460,15,5167.8203125,18.02417435279098,52.69087903132973,0.0,0.0,0,0.35,1,,42222.34108527132,42178.0,26607.0,57805.0,5446682.0,8565.080619782686,,,0.4300015640688084,2.9646564454243767
ID7461,7461,,232.0791015625,25.120800491694744,52.753681032558966,0.0,0.0,0,0.35,1,,4435.976744186047,4422.0,3598.0,5083.0,572241.0,365.20380579539665,,,0.14994852412764054,3.1677270782345124
ID7462,7462,16,2079.365234375,31.777812621993853,53.63290904976828,0.0,0.0,0,0.35,1,,12366.209302325582,11115.0,4854.0,22743.0,1595241.0,4809.537550330363,,,0.5550229085911033,1.835428141639524
ID7463,7463,17,302.99462890625,37.68120073754212,55.45416708541615,0.0,0.0,0,0.35,1,,2779.031007751938,2804.0,1167.0,4257.0,358495.0,787.3634796147251,,,0.3096176396902336,1.6688961035352565
ID7464,7464,18,1256.8671875,10.173924199136371,57.21262311983478,0.0,0.0,0,0.35,1,,8564.046511627907,8377.0,5037.0,13127.0,1104762.0,2297.461553882843,,,0.5260068886135194,2.569778540026409
ID7465,7465,,232.73779296875,36.55076471541585,60.03871317515044,0.0,0.0,0,0.35,1,,1577.062015503876,1489.0,727.0,2660.0,203441.0,518.7669989976531,,,0.4748371401059536,1.9575237559959544
ID7466,7466,38,298.5986328125,9.169092179468581,62.990407232924575,0.0,0.0,0,0.35,1,,3665.813953488372,3635.0,2361.0,4941.0,472890.0,641.5586339075167,,,0.22540336231731176,2.1020613359127482
ID7402,7402,0,2430.9296875,45.71985689488444,16.76813432820624,0.0,20.0,1,0.35,1,,31097.84496124031,31043.0,23879.0,37106.0,4011622.0,3453.4942505055938,,,0.24768797499422468,3.5752011840137303
ID7403,7403,1,754.11279296875,51.87445301534965,18.652194365083346,0.0,20.0,1,0.35,1,,7990.410852713178,8057.0,5203.0,10135.0,1030763.0,1260.850504200953,,,0.3062198225177648,2.9713413044168497
ID7404,7404,2,294.7412109375,33.285060651495535,18.714996366312583,0.0,20.0,1,0.35,1,,5462.0,5547.0,4243.0,6316.0,704598.0,547.0331342798167,,,0.15523722799341527,2.6834453935525677
ID7405,7405,3,363.88330078125,30.96138660601377,20.975868410565113,0.0,20.0,1,0.35,1,,8588.217054263567,8690.0,7080.0,9686.0,1107880.0,700.0957631062909,,,0.11767563109318688,2.583130292385936
ID7406,7406,4,1572.9423828125,60.164317177608915,22.42031443883756,0.0,20.0,1,0.35,1,,14448.550387596899,14424.0,9972.0,18519.0,1863863.0,2304.584652658561,,,0.3802724985960101,3.4545516509999694
ID7407,7407,5,316.4794921875,27.946890547010405,22.671522443754508,0.0,20.0,1,0.35,1,,8774.806201550387,8883.0,6754.0,9820.0,1131950.0,764.442894342828,,,0.10107633864285451,2.1074367676539514
ID7408,7408,6,245.1083984375,32.97105064534935,28.574910559302772,0.0,20.0,1,0.35,1,,5375.410852713178,5428.0,3792.0,6161.0,693428.0,590.739864656008,,,0.12880964097325384,2.0766965434202183
ID7409,7409,7,263.28662109375,31.903416624452326,28.951722566678193,0.0,20.0,1,0.35,1,,6314.341085271318,6396.0,5167.0,7037.0,814550.0,472.9397836954912,,,0.11579300480021591,2.7710915530538647
ID7410,7410,39,276.2900390625,30.58457459863835,29.077326569136666,0.0,20.0,1,0.35,1,,5661.294573643411,5768.0,4232.0,6523.0,730307.0,560.7648432484419,,,0.13620612166470816,2.420496577330261
ID7411,7411,8,3042.97265625,35.29472469083112,33.975882665017146,0.0,20.0,1,0.35,1,,19552.496124031008,18219.0,8953.0,33694.0,2522272.0,6747.103578948746,,,0.5127595878607025,1.9645301682413951
ID7412,7412,9,334.52587890625,18.58939236385411,41.44932081129633,0.0,20.0,1,0.35,1,,4776.46511627907,4771.0,3432.0,5884.0,616164.0,612.9331892439372,,,0.20210735583829895,2.620368278442363
ID7413,7413,10,4748.966796875,22.106304432691374,44.33821286784122,0.0,20.0,1,0.35,1,,33710.74418604651,33180.0,17868.0,51208.0,4348686.0,9060.387520409126,,,0.492126647937946,2.4542723689156762
ID7414,7414,11,1529.78515625,36.8019727203328,48.10633294159543,0.0,20.0,1,0.35,1,,9853.860465116279,9238.0,4880.0,17238.0,1271148.0,3390.1103174901123,,,0.5008730181678273,1.940020235649513
ID7415,7415,12,309.1171875,31.777812621993853,48.420342947741624,0.0,20.0,1,0.35,1,,6495.527131782946,6530.0,5140.0,7661.0,837923.0,682.9354503437645,,,0.12382390203532116,2.095901946014642
ID7416,7416,13,263.369384765625,23.99036446956848,48.48314494897086,0.0,20.0,1,0.35,1,,2876.15503875969,2803.0,1738.0,4161.0,371024.0,615.4626238856375,,,0.24291524980709112,1.8266438033703865
ID7417,7417,14,1587.51806640625,14.318856280266004,50.74401699322338,0.0,20.0,1,0.35,1,,9112.046511627907,8414.0,4114.0,16717.0,1175454.0,3529.495667895736,,,0.6025511077943249,1.9414010979301424
ID7418,7418,15,5068.12890625,18.02417435279098,52.69087903132973,0.0,20.0,1,0.35,1,,42136.03875968992,41643.0,27110.0,56734.0,5435549.0,8174.277488526031,,,0.4253347207327687,3.076438911850909
ID7419,7419,16,2123.6005859375,31.777812621993853,53.63290904976828,0.0,20.0,1,0.35,1,,12678.100775193798,11476.0,5070.0,23272.0,1635475.0,4903.879189677548,,,0.5517922762691396,1.8385966476221032
ID7420,7420,17,397.783935546875,37.806804740000594,55.51696908664539,0.0,20.0,1,0.35,1,,2934.5581395348836,2865.0,1184.0,4872.0,378558.0,949.5265342113993,,,0.40999536210581605,1.7973260472006172
ID7421,7421,18,1240.6630859375,10.236726200365608,57.21262311983478,0.0,20.0,1,0.35,1,,8361.837209302326,8036.0,4486.0,12922.0,1078677.0,2312.432626689835,,,0.5320995763071543,2.5117044573959157
ID7422,7422,38,313.851318359375,9.169092179468581,62.990407232924575,0.0,20.0,1,0.35,1,,3583.5348837209303,3500.0,2375.0,4876.0,462276.0,631.5342558814557,,,0.24740459378676463,2.2508426701660387
ID7552,7552,8,3134.853515625,35.23192268960188,33.975882665017146,0.0,40.0,2,0.35,1,,20007.201550387595,19240.0,10024.0,34580.0,2580929.0,6779.147785189158,,,0.5184652702479906,2.0153758403321813
ID7553,7553,9,258.770751953125,18.463788361395636,41.44932081129633,0.0,40.0,2,0.35,1,,4043.4108527131784,4094.0,2800.0,4905.0,521600.0,511.52162118897616,,,0.18232007072848552,2.437885426972075
ID7554,7554,10,4565.859375,22.106304432691374,44.33821286784122,0.0,40.0,2,0.35,1,,31935.612403100775,31048.0,16833.0,48759.0,4119694.0,8638.003797093106,,,0.5028579973167089,2.4741115027283835
ID7555,7555,,235.4150390625,17.144946335581665,45.53145089119673,0.0,40.0,2,0.35,1,,3048.6279069767443,3095.0,1790.0,3800.0,393273.0,537.1778841455745,,,0.2299961073400246,2.122428364072131
ID7556,7556,11,1019.4990234375,36.299556710498905,48.23193694405391,0.0,40.0,2,0.35,1,,7263.674418604651,7044.0,3725.0,11762.0,937014.0,2138.2862485337655,,,0.4526566810154428,2.1170273613544848
ID7557,7557,12,291.19482421875,31.46380261584767,48.35754094651239,0.0,40.0,2,0.35,1,,6713.759689922481,6791.0,5165.0,7613.0,866075.0,592.3043423675053,,,0.11790305175715646,2.3909570563401616
ID7558,7558,13,261.63134765625,24.053166470797716,48.420342947741624,0.0,40.0,2,0.35,1,,2873.4418604651164,2820.0,1792.0,4147.0,370674.0,609.5483587636928,,,0.24244565244889157,1.8397603028541545
ID7559,7559,14,1590.7490234375,14.318856280266004,50.869620995681856,0.0,40.0,2,0.35,1,,9282.829457364342,8830.0,4364.0,16873.0,1197485.0,3483.168993361216,,,0.5882733032152659,1.9741935357242621
ID7560,7560,15,5082.6171875,18.02417435279098,52.69087903132973,0.0,40.0,2,0.35,1,,42020.71317829457,41791.0,26837.0,56711.0,5420672.0,8188.013614800181,,,0.42828570523573584,3.077750058362746
ID7561,7561,16,2116.6669921875,31.777812621993853,53.63290904976828,0.0,40.0,2,0.35,1,,12696.70542635659,11601.0,5362.0,23191.0,1637875.0,4838.495103404926,,,0.549617556949239,1.8614304013069598
ID7562,7562,17,477.74365234375,37.74400273877136,55.64257308910386,0.0,40.0,2,0.35,1,,3079.6744186046512,2876.0,1242.0,5471.0,397278.0,1110.2240565167936,,,0.4910682864552786,1.8271261043268774
ID7563,7563,18,1192.2958984375,10.236726200365608,57.21262311983478,0.0,40.0,2,0.35,1,,8225.317829457364,7921.0,4600.0,12515.0,1061066.0,2194.932693958462,,,0.5179889477552132,2.557486561152057
ID7542,7542,0,2354.462890625,45.71985689488444,16.76813432820624,0.0,40.0,2,0.35,1,,30258.68992248062,30227.0,23451.0,36043.0,3903371.0,3314.5153251419392,,,0.24650581019731155,3.610712738755626
ID7543,7543,1,739.9189453125,51.811651014120415,18.652194365083346,0.0,40.0,2,0.35,1,,7952.403100775194,7961.0,5084.0,10052.0,1025860.0,1206.9248793381091,,,0.30086946019800476,3.0478425689949864
ID7544,7544,2,244.8740234375,33.34786265272477,18.777798367541823,0.0,40.0,2,0.35,1,,4815.53488372093,4848.0,3885.0,5546.0,621204.0,457.91774040404266,,,0.14314164893541984,2.6336194906720176
ID7545,7545,3,348.439453125,30.96138660601377,20.975868410565113,0.0,40.0,2,0.35,1,,8670.271317829458,8825.0,7263.0,9622.0,1118465.0,631.7350209930037,,,0.11209849303619687,2.766841318355761
ID7546,7546,27,261.88134765625,29.579742578970563,22.043502431462137,0.0,40.0,2,0.35,1,,8360.271317829458,8512.0,6650.0,9125.0,1078475.0,619.8563688460666,,,0.08445306812894189,2.10069968264938
ID7547,7547,4,1543.0791015625,60.164317177608915,22.42031443883756,0.0,40.0,2,0.35,1,,14145.77519379845,14233.0,9692.0,18189.0,1824805.0,2292.7894727285466,,,0.3802081607676842,3.3991428159384416
ID7548,7548,5,348.3603515625,27.82128654455193,22.671522443754508,0.0,40.0,2,0.35,1,,9146.217054263567,9227.0,7311.0,10196.0,1179862.0,753.5791883699947,,,0.10701461100473234,2.3465635887161707
ID7549,7549,28,277.0234375,28.19809855192735,25.686018502757875,0.0,40.0,2,0.35,1,,6686.193798449613,6704.0,5283.0,7608.0,862519.0,555.4769358049356,,,0.11109585836737916,2.4070730197780708
ID7550,7550,6,266.60498046875,32.97105064534935,28.700514561761246,0.0,40.0,2,0.35,1,,5577.364341085271,5629.0,4085.0,6379.0,719480.0,621.959591457522,,,0.13687961639224733,2.1593405542409685
ID7551,7551,7,233.96826171875,32.09182262814004,28.888920565448956,0.0,40.0,2,0.35,1,,6178.643410852713,6302.0,4784.0,6825.0,797045.0,494.5361747140194,,,0.10291274686114044,2.3315947887564112
ID7488,7488,1,699.521484375,51.87445301534965,18.652194365083346,0.0,60.0,3,0.35,1,,7453.302325581395,7520.0,4639.0,9423.0,961476.0,1222.4011118277317,,,0.30478893183918093,2.848550511964752
ID7489,7489,3,384.533203125,31.02418860724301,20.913066409335876,0.0,60.0,3,0.35,1,,8706.883720930233,8873.0,7030.0,9871.0,1123188.0,758.4446732036862,,,0.1234378440440761,2.522714556159751
ID7490,7490,27,308.82421875,29.579742578970563,22.043502431462137,0.0,60.0,3,0.35,1,,8474.356589147286,8599.0,6856.0,9340.0,1093192.0,607.0561366964139,,,0.10038677621027012,2.547059096353922
ID7491,7491,4,1498.10546875,60.164317177608915,22.42031443883756,0.0,60.0,3,0.35,1,,14072.077519379845,14050.0,8989.0,17955.0,1815298.0,2318.865720200028,,,0.36871218125854255,3.2695498810422743
ID7492,7492,5,345.412109375,27.632880540864218,22.734324444983745,0.0,60.0,3,0.35,1,,8160.046511627907,8296.0,6584.0,9187.0,1052646.0,728.1316079149206,,,0.11970502781471291,2.39619142362986
ID7493,7493,28,235.36279296875,28.4493065568443,25.497612499070165,0.0,60.0,3,0.35,1,,6143.720930232558,6227.0,4620.0,6888.0,792540.0,506.89361828852003,,,0.10302176087177647,2.2640683861505595
ID7494,7494,6,267.7177734375,32.908248644120114,28.574910559302772,0.0,60.0,3,0.35,1,,5550.992248062015,5623.0,4189.0,6393.0,716078.0,606.8685954363913,,,0.13644730739261496,2.1964515019547526
ID7495,7495,8,3099.3125,35.29472469083112,33.975882665017146,0.0,60.0,3,0.35,1,,20026.162790697676,18769.0,9707.0,34100.0,2583375.0,6722.05519957287,,,0.5151690336066536,2.02588284842808
ID7496,7496,,244.5654296875,46.41067890840604,36.23675470926967,0.0,60.0,3,0.35,1,,2570.3255813953488,2567.0,1508.0,3558.0,331572.0,528.036193166344,,,0.28145338489930494,2.1382481569453744
ID7497,7497,36,256.81005859375,24.743988484319324,39.690864776877696,0.0,60.0,3,0.35,1,,4280.426356589147,4311.0,3279.0,5087.0,552175.0,466.8017307834271,,,0.171510494506938,2.6849059868501564
ID7498,7498,10,4611.509765625,22.106304432691374,44.33821286784122,0.0,60.0,3,0.35,1,,32405.728682170542,31591.0,16867.0,49247.0,4180339.0,8716.565209910612,,,0.5009514966284369,2.481620818970572
ID7499,7499,12,237.22021484375,31.02418860724301,48.10633294159543,0.0,60.0,3,0.35,1,,6877.728682170543,6982.0,5117.0,7656.0,887227.0,573.1399228146918,,,0.08954492883667288,1.9724691808544494
ID7500,7500,13,301.995361328125,24.24157247448543,48.35754094651239,0.0,60.0,3,0.35,1,,3183.201550387597,3080.0,1953.0,4573.0,410633.0,665.6276218240027,,,0.26159276966717065,1.9832129165638501
ID7501,7501,11,1457.4541015625,35.85994270189425,48.48314494897086,0.0,60.0,3,0.35,1,,8964.643410852714,8431.0,4326.0,16211.0,1156439.0,3294.862200263582,,,0.5293569289373106,1.8834994854891116
ID7502,7502,14,1439.22802734375,14.256054279036768,50.93242299691109,0.0,60.0,3,0.35,1,,8402.937984496124,7751.0,3425.0,15273.0,1083979.0,3225.838591920562,,,0.5875266808345576,1.9280801407256023
ID7503,7503,15,5025.5859375,18.086976354020216,52.69087903132973,0.0,60.0,3,0.35,1,,41923.22480620155,41672.0,24281.0,56440.0,5408096.0,8335.178875030508,,,0.42303358767890725,2.9904011632358247
ID7504,7504,16,2215.6416015625,31.777812621993853,53.63290904976828,0.0,60.0,3,0.35,1,,13423.0,12499.0,5946.0,24390.0,1731567.0,5032.997503973154,,,0.5416729514807507,1.8741216063871347
ID7505,7505,17,273.46875,37.74400273877136,55.32856308295767,0.0,60.0,3,0.35,1,,2396.922480620155,2374.0,1192.0,3714.0,309203.0,662.9229736129217,,,0.32642621112400305,1.7796018289829292
ID7506,7506,18,1259.7041015625,10.236726200365608,57.21262311983478,0.0,60.0,3,0.35,1,,8630.922480620155,8391.0,5136.0,13173.0,1113389.0,2289.872832210077,,,0.5229554830303942,2.5885309325734447
ID7487,7487,0,2251.345703125,45.71985689488444,16.76813432820624,0.0,60.0,3,0.35,1,,29654.116279069767,29804.0,22536.0,35135.0,3825381.0,3236.4896097756978,,,0.24022046516685727,3.5493749087126267
ID7525,7525,0,2114.595703125,45.71985689488444,16.76813432820624,0.0,80.0,4,0.35,1,,28538.286821705427,28465.0,22622.0,33509.0,3681439.0,2921.076447545169,,,0.23385476197740046,3.7033703688368322
ID7526,7526,1,664.73583984375,51.87445301534965,18.58939236385411,0.0,80.0,4,0.35,1,,7540.697674418605,7566.0,5103.0,9325.0,972750.0,1079.4920651967175,,,0.28399868440980763,3.0901091493637973
ID7527,7527,3,326.8037109375,31.02418860724301,20.85026440810664,0.0,80.0,4,0.35,1,,8473.77519379845,8536.0,6993.0,9335.0,1093117.0,550.6193989543458,,,0.10692590415729236,2.9731704394898495
ID7528,7528,27,264.6220703125,29.6425445801998,22.106304432691374,0.0,80.0,4,0.35,1,,8406.813953488372,8514.0,7031.0,9120.0,1084479.0,524.4659153522554,,,0.08645901826929331,2.5511800715674515
ID7529,7529,4,1520.6494140625,60.10151517637968,22.483116440066798,0.0,80.0,4,0.35,1,,14390.643410852714,14468.0,9614.0,18270.0,1856393.0,2250.008006230372,,,0.3662449308112637,3.4290135619298727
ID7530,7530,5,348.6845703125,27.444474537176507,22.79712644621298,0.0,80.0,4,0.35,1,,7512.550387596899,7548.0,5656.0,8654.0,969119.0,796.6424264652114,,,0.1327103017919983,2.20973272927986
ID7531,7531,6,246.5888671875,32.908248644120114,28.574910559302772,0.0,80.0,4,0.35,1,,5054.46511627907,5140.0,3687.0,5805.0,652026.0,529.1022474217477,,,0.13770947434605732,2.3125867808669214
ID7532,7532,8,2658.46875,35.357526692060354,33.72467466010019,0.0,80.0,4,0.35,1,,17601.705426356588,16521.0,8994.0,29545.0,2270620.0,5698.526011998491,,,0.4986808673933448,2.055586479140283
ID7533,7533,36,247.045654296875,24.61838448186085,39.62806277564846,0.0,80.0,4,0.35,1,,3992.3410852713178,4001.0,3059.0,4771.0,515012.0,436.6708302622675,,,0.1777263812772528,2.7593764067397073
ID7534,7534,10,4577.3046875,22.106304432691374,44.33821286784122,0.0,80.0,4,0.35,1,,31975.596899224805,31278.0,18123.0,48784.0,4124852.0,8574.097078482395,,,0.5042610065126982,2.5003018837097732
ID7535,7535,13,243.1669921875,24.492780479402377,48.23193694405391,0.0,80.0,4,0.35,1,,2983.7131782945735,3000.0,1753.0,4127.0,384899.0,611.4974983825367,,,0.21746363026607612,1.7431028819115368
ID7536,7536,11,1417.95654296875,35.79714070066501,48.420342947741624,0.0,80.0,4,0.35,1,,8621.32558139535,8042.0,4066.0,15723.0,1112151.0,3225.2981721723963,,,0.5365446390231638,1.8667873520991407
ID7537,7537,14,1447.16650390625,14.256054279036768,50.93242299691109,0.0,80.0,4,0.35,1,,8451.837209302326,7844.0,3620.0,15361.0,1090287.0,3247.491468884815,,,0.5869431628947225,1.9251641945211437
ID7538,7538,15,4936.25,18.02417435279098,52.69087903132973,0.0,80.0,4,0.35,1,,41724.31007751938,41540.0,27047.0,55508.0,5382436.0,7798.341341872051,,,0.4191590877580269,3.1605649749594558
ID7539,7539,16,2282.9658203125,31.777812621993853,53.57010704853904,0.0,80.0,4,0.35,1,,13629.67441860465,12605.0,6533.0,24943.0,1758228.0,5173.679158374009,,,0.5538034931152311,1.8779134904864399
ID7540,7540,17,380.885986328125,37.618398736312884,55.14015707926996,0.0,80.0,4,0.35,1,,3002.8372093023254,2904.0,1512.0,4790.0,387366.0,853.3856542353236,,,0.38107239521328584,1.9418133901018555
ID7541,7541,18,1229.353515625,10.236726200365608,57.21262311983478,0.0,80.0,4,0.35,1,,8338.348837209302,8160.0,4846.0,12852.0,1075647.0,2266.4038752612955,,,0.527366538188469,2.540633672849861
ID7424,7424,1,656.49072265625,51.87445301534965,18.652194365083346,0.0,100.0,5,0.35,1,,7424.813953488372,7483.0,4856.0,9145.0,957801.0,1086.4696754816855,,,0.2866747288446119,3.0452194954873804
ID7425,7425,3,421.123046875,30.96138660601377,20.787462406877403,0.0,100.0,5,0.35,1,,9641.922480620155,9689.0,7910.0,10818.0,1243808.0,722.2452471763305,,,0.12172989262573822,2.8974629018543996
ID7426,7426,27,245.896484375,29.579742578970563,22.231908435149847,0.0,100.0,5,0.35,1,,8073.232558139535,8216.0,6626.0,8747.0,1041447.0,531.7776131703796,,,0.08255923205192349,2.3155885040336575
ID7427,7427,4,1521.53515625,60.03871317515044,22.545918441296035,0.0,100.0,5,0.35,1,,14117.891472868218,14111.0,9488.0,18026.0,1821208.0,2308.245847906987,,,0.3756231642365488,3.340186052444683
ID7428,7428,5,368.43603515625,27.38167253594727,22.85992844744222,0.0,100.0,5,0.35,1,,7520.868217054263,7610.0,5726.0,8680.0,970192.0,817.748207540119,,,0.1388963104049332,2.2432872973694087
ID7429,7429,6,231.5341796875,32.908248644120114,28.574910559302772,0.0,100.0,5,0.35,1,,4972.441860465116,5044.0,3927.0,5637.0,641445.0,461.1961843093583,,,0.13072595406593268,2.492978099480917
ID7430,7430,8,2711.2138671875,35.42032869328959,33.53626865641248,0.0,100.0,5,0.35,1,,17466.17054263566,16331.0,8085.0,29984.0,2253136.0,6000.5456394138,,,0.5124453156065217,1.972444513996236
ID7431,7431,10,4595.94140625,22.106304432691374,44.33821286784122,0.0,100.0,5,0.35,1,,32208.720930232557,31377.0,18483.0,49006.0,4154925.0,8540.303608091848,,,0.5028953458413278,2.52394008342927
ID7432,7432,21,329.91748046875,31.02418860724301,47.5411149305323,0.0,100.0,5,0.35,1,,6913.015503875969,6964.0,5267.0,8083.0,891779.0,712.8069731755941,,,0.12640513939943004,2.1766855565458436
ID7433,7433,13,313.25634765625,24.61838448186085,48.23193694405391,0.0,100.0,5,0.35,1,,3504.0232558139537,3409.0,2002.0,5018.0,452019.0,768.4947184382219,,,0.2372041708776067,1.7483848481969109
ID7434,7434,11,1359.5576171875,35.67153669820654,48.5459469502001,0.0,100.0,5,0.35,1,,8399.68992248062,7924.0,3783.0,15186.0,1083560.0,3084.6522033449373,,,0.5243255619305383,1.8733129881347905
ID7435,7435,14,1365.943359375,14.381658281495241,50.74401699322338,0.0,100.0,5,0.35,1,,7987.697674418605,7206.0,3411.0,14472.0,1030413.0,3044.711564245072,,,0.5877190578395894,1.942234095528754
ID7436,7436,15,4904.7265625,18.02417435279098,52.69087903132973,0.0,100.0,5,0.35,1,,41370.875968992244,40912.0,26853.0,55115.0,5336843.0,7876.420178497725,,,0.4208541846999165,3.1115585341160488
ID7437,7437,16,2163.5146484375,31.777812621993853,53.57010704853904,0.0,100.0,5,0.35,1,,12901.70542635659,11703.0,5480.0,23565.0,1664320.0,4951.398235920177,,,0.55662721183028,1.8634986202179755
ID7438,7438,17,493.11669921875,37.30438873016669,54.888949074353015,0.0,100.0,5,0.35,1,,3645.84496124031,3509.0,1739.0,5932.0,470314.0,1087.387310609791,,,0.41856343406010343,1.978592943822343
ID7439,7439,18,1173.77490234375,10.236726200365608,57.21262311983478,0.0,100.0,5,0.35,1,,8047.3488372093025,7802.0,4481.0,12340.0,1038108.0,2178.0911821304494,,,0.5196946556504344,2.5269618245299927
ID7440,7440,33,241.3397216796875,36.487962714186615,60.03871317515044,0.0,100.0,5,0.35,1,,1561.3643410852712,1464.0,779.0,2677.0,201416.0,522.8953339636985,,,0.5103814816079559,2.018030575002751
ID7423,7423,0,2120.4375,45.71985689488444,16.76813432820624,0.0,100.0,5,0.35,1,,28161.767441860466,28150.0,22735.0,33194.0,3632868.0,2833.2532772405266,,,0.23805421126794737,3.822440294868837
ID7520,7520,15,4775.61328125,18.02417435279098,52.69087903132973,0.0,120.0,6,0.35,1,,40647.92248062015,40548.0,27020.0,53777.0,5243582.0,7459.536342633422,,,0.41684793806095927,3.206350020609047
ID7521,7521,16,2170.41015625,31.777812621993853,53.63290904976828,0.0,120.0,6,0.35,1,,13103.22480620155,12253.0,6046.0,23856.0,1690316.0,4938.636750853402,,,0.5443395117560672,1.8703728095031416
ID7522,7522,17,394.617919921875,37.68120073754212,54.888949074353015,0.0,120.0,6,0.35,1,,3179.31007751938,3089.0,1661.0,4938.0,410131.0,864.5645200624272,,,0.37844632531679523,2.019202642585051
ID7523,7523,18,1237.76513671875,10.299528201594846,57.21262311983478,0.0,120.0,6,0.35,1,,8407.457364341086,8205.0,4879.0,12942.0,1084562.0,2292.736335990496,,,0.5266111980166264,2.5298932805159153
ID7524,7524,33,247.2236328125,36.55076471541585,60.03871317515044,0.0,120.0,6,0.35,1,,1574.0542635658915,1480.0,639.0,2732.0,203053.0,564.5274753897824,,,0.519591462867767,1.9067764249103778
ID7507,7507,0,2157.08203125,45.71985689488444,16.76813432820624,0.0,120.0,6,0.35,1,,27731.503875968992,27738.0,21662.0,33013.0,3577364.0,2983.279469403258,,,0.24642201707346081,3.6755630293877966
ID7508,7508,1,678.48486328125,51.87445301534965,18.652194365083346,0.0,120.0,6,0.35,1,,7431.364341085271,7606.0,4541.0,9310.0,958646.0,1219.6092800179933,,,0.2949297348051291,2.775557229027937
ID7509,7509,3,473.5,30.898584604784535,20.913066409335876,0.0,120.0,6,0.35,1,,10328.93023255814,10452.0,8115.0,11675.0,1332432.0,882.0276461267964,,,0.12887490596563472,2.673780084369488
ID7510,7510,4,1577.740234375,59.975911173921205,22.545918441296035,0.0,120.0,6,0.35,1,,14260.410852713178,14259.0,9128.0,18514.0,1839593.0,2531.432523087233,,,0.38458421746918375,3.1294481404619585
ID7511,7511,5,358.46044921875,27.38167253594727,22.85992844744222,0.0,120.0,6,0.35,1,,7706.7441860465115,7719.0,5976.0,8937.0,994170.0,818.9250889034146,,,0.1324445529219041,2.2012730526600333
ID7512,7512,6,234.34423828125,32.908248644120114,28.512108558073535,0.0,120.0,6,0.35,1,,4851.294573643411,4913.0,3621.0,5605.0,625817.0,523.5545638216227,,,0.13397762084571063,2.189542954581843
ID7513,7513,8,2731.6611328125,35.42032869328959,33.53626865641248,0.0,120.0,6,0.35,1,,17705.178294573645,16341.0,8585.0,30337.0,2283968.0,5992.835014166934,,,0.5070651192599983,1.9880609601938983
ID7514,7514,,250.38916015625,25.5604145002994,37.30438873016669,0.0,120.0,6,0.35,1,,4833.240310077519,4872.0,3589.0,5723.0,623488.0,528.2163349304934,,,0.14241730130386057,2.281363754824677
ID7515,7515,10,4699.685546875,22.106304432691374,44.33821286784122,0.0,120.0,6,0.35,1,,32474.511627906977,31659.0,18887.0,49906.0,4189212.0,8757.253670276252,,,0.5106266521218508,2.5069809307383397
ID7516,7516,21,264.04541015625,30.898584604784535,47.41551092807383,0.0,120.0,6,0.35,1,,6260.6821705426355,6348.0,4792.0,7236.0,807628.0,635.9982555068466,,,0.11059635327160708,1.9605606971471328
ID7517,7517,13,363.695068359375,24.492780479402377,48.420342947741624,0.0,120.0,6,0.35,1,,3627.3333333333335,3525.0,2060.0,5321.0,467926.0,834.9156612846197,,,0.2792753613213912,1.8968956551354772
ID7518,7518,11,1502.5986328125,35.42032869328959,48.67155095265857,0.0,120.0,6,0.35,1,,9053.007751937985,8372.0,4284.0,16687.0,1167838.0,3434.5011089133363,,,0.5389122225132196,1.846134811044385
ID7519,7519,14,1448.02587890625,14.444460282724478,50.74401699322338,0.0,120.0,6,0.35,1,,8516.217054263567,7975.0,3883.0,15418.0,1098592.0,3183.9813985432424,,,0.5811321778973207,1.96613322367077
ID7467,7467,0,2206.96484375,45.71985689488444,16.76813432820624,0.0,140.0,7,0.35,1,,28334.899224806202,28169.0,21838.0,33765.0,3655202.0,3072.276901086964,,,0.24668263943637483,3.649841351042241
ID7468,7468,,237.3125,59.2850891603996,16.830936329435477,0.0,140.0,7,0.35,1,,2607.077519379845,2593.0,1820.0,3248.0,336313.0,366.08632461319615,,,0.29544988846870757,3.2483562079493313
ID7469,7469,1,670.63720703125,51.87445301534965,18.652194365083346,0.0,140.0,7,0.35,1,,7406.627906976744,7490.0,4925.0,9249.0,955455.0,1136.3452591378716,,,0.29242020194942914,2.9494691175917054
ID7470,7470,3,561.4306640625,31.086990608472245,20.975868410565113,0.0,140.0,7,0.35,1,,11429.860465116279,11554.0,9197.0,13078.0,1474452.0,994.8375318376901,,,0.13828218418289534,2.7914834347904556
ID7471,7471,4,1506.5625,59.975911173921205,22.60872044252527,0.0,140.0,7,0.35,1,,14153.67441860465,14144.0,10055.0,17951.0,1825824.0,2169.5528274954736,,,0.3708749331857515,3.5298692028552914
ID7472,7472,5,341.60205078125,27.19326653225956,22.85992844744222,0.0,140.0,7,0.35,1,,7411.46511627907,7485.0,5737.0,8546.0,956079.0,773.638401145357,,,0.1302962461392175,2.2086945742793227
ID7473,7473,6,278.78857421875,32.97105064534935,28.512108558073535,0.0,140.0,7,0.35,1,,4879.387596899225,4998.0,3354.0,5721.0,629441.0,582.9669977536989,,,0.16373073492071175,2.355206821920084
ID7474,7474,,247.97900390625,23.550750460963823,29.83095058388751,0.0,140.0,7,0.35,1,,4991.798449612403,5043.0,3699.0,5740.0,643942.0,505.66494557669057,,,0.1402573938836915,2.428550045973764
ID7475,7475,8,2693.6630859375,35.357526692060354,33.53626865641248,0.0,140.0,7,0.35,1,,17260.98449612403,15943.0,8244.0,29726.0,2226667.0,5952.3692118460485,,,0.5160606906637568,1.9741942766108735
ID7476,7476,20,232.780517578125,35.98554670435272,42.140142824817936,0.0,140.0,7,0.35,1,,2625.9302325581393,2630.0,1369.0,3679.0,338745.0,564.5260759318181,,,0.2422697897473332,1.8143142444252176
ID7477,7477,10,4472.841796875,22.106304432691374,44.33821286784122,0.0,140.0,7,0.35,1,,31303.19379844961,30002.0,16661.0,47621.0,4038112.0,8380.982610460198,,,0.5043439392574542,2.5043981346500623
ID7478,7478,21,283.04345703125,30.710178601096825,47.478312929303065,0.0,140.0,7,0.35,1,,6421.643410852713,6561.0,4775.0,7497.0,828392.0,695.0089342776648,,,0.1166018916082706,1.9297143693588767
ID7479,7479,13,337.073486328125,24.555582480631614,48.35754094651239,0.0,140.0,7,0.35,1,,3751.3255813953488,3704.0,2366.0,5291.0,483921.0,750.1067649299029,,,0.2450696190211947,1.9687361310414406
ID7480,7480,11,1358.34619140625,35.42032869328959,48.67155095265857,0.0,140.0,7,0.35,1,,8254.162790697674,7465.0,3376.0,15024.0,1064787.0,3152.795497626614,,,0.5382173118310222,1.832091635312333
ID7481,7481,14,1447.8837890625,14.444460282724478,50.80681899445262,0.0,140.0,7,0.35,1,,8531.093023255815,7845.0,3742.0,15406.0,1100511.0,3196.86004747691,,,0.5807586919506438,1.9608356264566824
ID7482,7482,15,4456.671875,18.086976354020216,52.69087903132973,0.0,140.0,7,0.35,1,,38684.80620155039,39063.0,23464.0,50819.0,4990340.0,7293.314425808836,,,0.40652779828989166,3.0661077449214775
ID7483,7483,16,2098.7822265625,31.777812621993853,53.63290904976828,0.0,140.0,7,0.35,1,,12584.457364341086,11593.0,5550.0,22897.0,1623395.0,4752.373716115045,,,0.5528339266185376,1.885487164537879
ID7484,7484,17,479.45556640625,37.4927947338544,54.76334507189454,0.0,140.0,7,0.35,1,,3652.8527131782944,3528.0,1574.0,5801.0,471218.0,1062.8327574574525,,,0.40788261688895006,1.9914342676086727
ID7485,7485,18,1248.69189453125,10.299528201594846,57.21262311983478,0.0,140.0,7,0.35,1,,8324.01550387597,8063.0,4798.0,12980.0,1073798.0,2337.3493567249957,,,0.5379999232405523,2.491524407968757
ID7486,7486,,251.447509765625,8.792280172093161,63.30441723907076,0.0,140.0,7,0.35,1,,3121.5348837209303,3058.0,2229.0,4054.0,402678.0,462.7794096291927,,,0.23058585263444478,2.5278127537801303
ID7680,7680,18,1179.8291015625,10.299528201594846,57.21262311983478,0.0,160.0,8,0.35,1,,7939.124031007752,7683.0,4428.0,12318.0,1024147.0,2203.7904952595036,,,0.5312031458400024,2.499540065379059
ID7662,7662,0,2155.400390625,45.71985689488444,16.76813432820624,0.0,160.0,8,0.35,1,,28234.53488372093,28156.0,21792.0,33405.0,3642255.0,3014.039609287134,,,0.2417196958113663,3.6471207927789835
ID7663,7663,1,652.53076171875,51.87445301534965,18.652194365083346,0.0,160.0,8,0.35,1,,7158.503875968992,7330.0,4544.0,8982.0,923447.0,1172.2000690743814,,,0.29373564907273153,2.7730750905386508
ID7664,7664,3,511.0107421875,31.27539661215996,21.101472413023586,0.0,160.0,8,0.35,1,,11537.317829457364,11589.0,9648.0,12861.0,1488314.0,798.4827994438903,,,0.12527315583288498,3.217135453534292
ID7665,7665,4,1498.3154296875,59.975911173921205,22.60872044252527,0.0,160.0,8,0.35,1,,14444.286821705426,14343.0,10010.0,18232.0,1863313.0,2189.155249440546,,,0.35783255928580404,3.4776283999139026
ID7666,7666,5,328.982421875,27.38167253594727,22.671522443754508,0.0,160.0,8,0.35,1,,8141.333333333333,8257.0,6658.0,9050.0,1050232.0,649.1770912727385,,,0.1129475376381237,2.545449122587297
ID7667,7667,19,256.19287109375,28.386504555615062,24.869592486777798,0.0,160.0,8,0.35,1,,6532.728682170543,6602.0,5107.0,7164.0,842722.0,446.74022009332344,,,0.11017560468792913,2.902440505016043
ID7668,7668,6,245.021484375,32.97105064534935,28.574910559302772,0.0,160.0,8,0.35,1,,4636.031007751938,4693.0,3616.0,5322.0,598048.0,439.06249444812266,,,0.15083681128366286,2.767856593940421
ID7669,7669,8,2887.1640625,35.357526692060354,33.53626865641248,0.0,160.0,8,0.35,1,,18402.992248062015,17260.0,9739.0,31709.0,2373986.0,6212.876889342565,,,0.5215436437115304,2.0306353094509633
ID7670,7670,20,459.654296875,35.922744703123485,42.328548828505646,0.0,160.0,8,0.35,1,,3845.953488372093,3638.0,1912.0,5992.0,496128.0,1025.2736209518744,,,0.35156342136505514,1.9514682622503396
ID7671,7671,10,4487.4921875,22.106304432691374,44.33821286784122,0.0,160.0,8,0.35,1,,31579.899224806202,30808.0,17937.0,47753.0,4073807.0,8348.174862137683,,,0.5025109540346124,2.530329533204381
ID7672,7672,,245.9033203125,32.65704063920317,44.90343087890436,0.0,160.0,8,0.35,1,,5136.124031007752,5171.0,4167.0,5881.0,662560.0,450.09148389091297,,,0.13299047299472924,2.678915255131537
ID7673,7673,21,309.43994140625,30.835782603555298,47.35270892684459,0.0,160.0,8,0.35,1,,6350.418604651163,6520.0,4673.0,7582.0,819204.0,819.4136880423483,,,0.128746042432522,1.7679369900070017
ID7674,7674,13,292.16943359375,24.681186483090087,48.29473894528315,0.0,160.0,8,0.35,1,,3551.3643410852715,3495.0,2218.0,4913.0,458126.0,678.2734047056598,,,0.21772174661027777,1.8722945989244608
ID7675,7675,11,1318.07080078125,35.42032869328959,48.67155095265857,0.0,160.0,8,0.35,1,,7928.767441860465,7335.0,3077.0,14554.0,1022811.0,3125.592985018073,,,0.5440254616655262,1.7875904274388452
ID7676,7676,14,1378.88818359375,14.444460282724478,50.869620995681856,0.0,160.0,8,0.35,1,,8163.046511627907,7634.0,3870.0,14699.0,1053033.0,3022.1097552570404,,,0.5770783293022644,1.976758139091344
ID7677,7677,15,4499.35546875,18.086976354020216,52.69087903132973,0.0,160.0,8,0.35,1,,38837.07751937985,38659.0,23890.0,51138.0,5009983.0,7163.251842752272,,,0.40937192297247277,3.1496243184234505
ID7678,7678,16,2041.5537109375,31.777812621993853,53.63290904976828,0.0,160.0,8,0.35,1,,12185.658914728681,11163.0,5487.0,22327.0,1571950.0,4635.086379144076,,,0.5534109400326158,1.8731931552242083
ID7679,7679,17,350.66650390625,37.618398736312884,54.888949074353015,0.0,160.0,8,0.35,1,,2755.4961240310076,2775.0,1235.0,4341.0,355459.0,812.1649898191773,,,0.39293170615081385,1.9141359757984022
ID7584,7584,3,384.7978515625,31.715010620764616,21.289878416711296,0.0,180.0,9,0.35,1,,9762.70542635659,9850.0,8382.0,10851.0,1259389.0,650.3003561228068,,,0.1082459970795904,2.932660995325641
ID7585,7585,4,1547.8828125,59.91310917269197,22.671522443754508,0.0,180.0,9,0.35,1,,14863.403100775195,14940.0,9869.0,18876.0,1917379.0,2436.094083387444,,,0.3573734298187675,3.2127513245700445
ID7586,7586,5,377.791015625,27.256068533488797,22.79712644621298,0.0,180.0,9,0.35,1,,7923.612403100775,7991.0,6220.0,9101.0,1022146.0,823.5531660706315,,,0.13603076543820644,2.304138743810512
ID7587,7587,19,268.06201171875,28.512108558073535,24.681186483090087,0.0,180.0,9,0.35,1,,6587.503875968992,6692.0,4747.0,7356.0,849788.0,587.5858198493089,,,0.11207449466418219,2.2597088262805296
ID7588,7588,6,249.09716796875,32.97105064534935,28.63771256053201,0.0,180.0,9,0.35,1,,4791.201550387597,4854.0,3421.0,5565.0,618065.0,544.234803701562,,,0.14848735275814295,2.2764146533938607
ID7589,7589,8,2795.3681640625,35.357526692060354,33.473466655183245,0.0,180.0,9,0.35,1,,18216.798449612405,17152.0,9462.0,30925.0,2349967.0,5992.012835302931,,,0.5078742084715543,2.047954764402994
ID7590,7590,20,501.960205078125,35.85994270189425,42.45415283096412,0.0,180.0,9,0.35,1,,4065.736434108527,3945.0,2201.0,6355.0,524480.0,1066.3121209877106,,,0.3716915143948909,2.066384167799245
ID7591,7591,10,4372.99609375,22.043502431462137,44.40101486907046,0.0,180.0,9,0.35,1,,30598.992248062015,29840.0,17165.0,46420.0,3947270.0,8138.987325191441,,,0.5062487700848401,2.5271674716276955
ID7592,7592,21,240.09375,30.77298060232606,47.22710492438612,0.0,180.0,9,0.35,1,,6038.085271317829,6172.0,4631.0,6959.0,778913.0,665.3231478834147,,,0.10397384283138227,1.709471702165906
ID7593,7593,13,274.61767578125,24.932394488007034,48.23193694405391,0.0,180.0,9,0.35,1,,3353.3720930232557,3318.0,1970.0,4667.0,432585.0,664.0425681687252,,,0.2175980432331343,1.8049570208432175
ID7594,7594,11,1306.46142578125,35.48313069451883,48.608748951429334,0.0,180.0,9,0.35,1,,8090.193798449613,7500.0,3221.0,14543.0,1043635.0,3019.2506082778623,,,0.525725036583384,1.8465970836551262
ID7595,7595,14,1460.56640625,14.507262283953715,50.93242299691109,0.0,180.0,9,0.35,1,,8763.271317829458,8110.0,4227.0,15608.0,1130462.0,3176.36925138184,,,0.568839968670982,2.000675846838486
ID7596,7596,15,4541.34765625,18.086976354020216,52.69087903132973,0.0,180.0,9,0.35,1,,39183.90697674418,38785.0,26000.0,51682.0,5054724.0,7090.76348414993,,,0.4088898260713815,3.20755420673767
ID7597,7597,16,2138.95703125,31.777812621993853,53.63290904976828,0.0,180.0,9,0.35,1,,13028.829457364342,12285.0,6355.0,23381.0,1680719.0,4749.816983520312,,,0.5443228987957883,1.9336461941964491
ID7598,7598,17,276.8330078125,37.995210743688304,55.2029590804992,0.0,180.0,9,0.35,1,,1971.5968992248063,1884.0,854.0,3246.0,254336.0,630.4881233935419,,,0.4459292678030461,1.92881307283369
ID7599,7599,18,1124.73779296875,10.299528201594846,57.21262311983478,0.0,180.0,9,0.35,1,,7673.806201550387,7534.0,4321.0,11775.0,989921.0,2067.50460654535,,,0.5240256564889634,2.552434518837077
ID7582,7582,0,2093.25,45.6570548936552,16.76813432820624,0.0,180.0,9,0.35,1,,27682.46511627907,27621.0,22123.0,32736.0,3571038.0,2840.049928166184,,,0.23839055489988523,3.752668445541084
ID7583,7583,1,648.46142578125,51.811651014120415,18.714996366312583,0.0,180.0,9,0.35,1,,7427.387596899225,7547.0,4484.0,9172.0,958133.0,1126.299182542082,,,0.2802213760780622,2.8868784716538
ID7648,7648,5,394.61376953125,27.507276538405744,22.671522443754508,0.0,200.0,10,0.35,1,,8508.054263565891,8623.0,6727.0,9585.0,1097539.0,784.6294737613167,,,0.13400886134914267,2.5627880941726753
ID7649,7649,4,1548.619140625,59.91310917269197,22.671522443754508,0.0,200.0,10,0.35,1,,14975.728682170542,15086.0,9946.0,19029.0,1931869.0,2409.5324972905073,,,0.353095987701443,3.243764729905392
ID7650,7650,8,2789.5703125,35.357526692060354,33.473466655183245,0.0,200.0,10,0.35,1,,18097.46511627907,16926.0,9422.0,30775.0,2334573.0,5987.860739454595,,,0.5113017298307097,2.0450415448629715
ID7651,7651,20,351.200927734375,35.79714070066501,42.516954832193356,0.0,200.0,10,0.35,1,,3423.751937984496,3351.0,2049.0,4914.0,441664.0,724.3209538833569,,,0.2991566925031459,2.1768997312994354
ID7652,7652,10,4510.01953125,22.043502431462137,44.40101486907046,0.0,200.0,10,0.35,1,,31875.93023255814,31130.0,17343.0,48175.0,4111995.0,8377.06388299516,,,0.49898355412630413,2.5333220305030064
ID7653,7653,21,277.78759765625,30.710178601096825,47.16430292315688,0.0,200.0,10,0.35,1,,6131.627906976744,6315.0,4485.0,7139.0,790980.0,695.0997126061241,,,0.12178695815230663,1.915354099630229
ID7654,7654,13,308.43994140625,24.99519648923627,48.23193694405391,0.0,200.0,10,0.35,1,,3468.8682170542634,3316.0,2192.0,4933.0,447484.0,696.083456066927,,,0.23829136075944504,1.9179705716414943
ID7655,7655,11,1120.19140625,35.48313069451883,48.5459469502001,0.0,200.0,10,0.35,1,,7074.527131782946,6579.0,3623.0,12565.0,912614.0,2510.218672239779,,,0.5129065458279096,1.9109177573364078
ID7656,7656,14,1498.7236328125,14.570064285182951,50.869620995681856,0.0,200.0,10,0.35,1,,9073.697674418605,8336.0,4181.0,16061.0,1170507.0,3272.352015381699,,,0.5620789644147104,1.9954857609877648
ID7657,7657,15,4514.21484375,18.086976354020216,52.69087903132973,0.0,200.0,10,0.35,1,,38880.49612403101,38574.0,26066.0,51236.0,5015584.0,6924.6463967980335,,,0.410570097529208,3.268562811253018
ID7658,7658,16,2095.4814453125,31.777812621993853,53.63290904976828,0.0,200.0,10,0.35,1,,12620.31007751938,11557.0,5490.0,22757.0,1628020.0,4681.152860805315,,,0.5543441136089865,1.923000803029139
ID7659,7659,17,273.7557373046875,37.93240874245907,55.14015707926996,0.0,200.0,10,0.35,1,,2089.9147286821703,2034.0,965.0,3304.0,269599.0,605.6810865542162,,,0.41098817643615193,2.0101131445571663
ID7660,7660,18,1152.8876953125,10.299528201594846,57.21262311983478,0.0,200.0,10,0.35,1,,7867.736434108527,7528.0,4185.0,12073.0,1014938.0,2148.4489300400674,,,0.5239113186898607,2.51798332758432
ID7661,7661,,232.2801513671875,36.61356671664509,59.975911173921205,0.0,200.0,10,0.35,1,,1495.139534883721,1370.0,646.0,2586.0,192873.0,519.5097259704644,,,0.5115221073979108,1.9479057657477927
ID7644,7644,0,2111.259765625,45.6570548936552,16.76813432820624,0.0,200.0,10,0.35,1,,27877.162790697676,27753.0,21593.0,33096.0,3596154.0,2938.522725661596,,,0.2377789668923381,3.6448515959605046
ID7645,7645,1,639.25,51.87445301534965,18.652194365083346,0.0,200.0,10,0.35,1,,7198.062015503876,7359.0,4590.0,9005.0,928550.0,1163.6113219731196,,,0.2837440961838773,2.734550928201327
ID7646,7646,,253.7119140625,31.21259461093072,21.03867041179435,0.0,200.0,10,0.35,1,,8905.255813953489,9047.0,7139.0,9762.0,1148778.0,643.5089024135293,,,0.07619289319108502,1.9595041200980081
ID7647,7647,3,296.1572265625,32.0290206269108,21.352680417940533,0.0,200.0,10,0.35,1,,8841.348837209302,8947.0,7235.0,9793.0,1140534.0,688.8864389719241,,,0.08990599044975203,2.1173881411087785
ID7564,7564,0,2067.669921875,45.71985689488444,16.76813432820624,0.0,220.0,11,0.35,1,,27128.279069767443,27048.0,21510.0,32234.0,3499548.0,2849.70254197901,,,0.23967123156762432,3.6809684488796273
ID7565,7565,1,603.23388671875,51.87445301534965,18.652194365083346,0.0,220.0,11,0.35,1,,6736.488372093023,6936.0,4267.0,8434.0,869007.0,1088.2636910197182,,,0.2880368416170205,2.7685296272304005
ID7566,7566,3,322.2666015625,32.21742663059851,21.289878416711296,0.0,220.0,11,0.35,1,,8628.348837209302,8741.0,7134.0,9627.0,1113057.0,636.2189168630704,,,0.10035389137622323,2.4737337059095665
ID7567,7567,4,1527.4365234375,59.85030717146273,22.671522443754508,0.0,220.0,11,0.35,1,,14474.22480620155,14565.0,9064.0,18563.0,1867175.0,2415.2248512053375,,,0.36083908546180865,3.1781510884649555
ID7568,7568,5,405.12109375,27.507276538405744,22.734324444983745,0.0,220.0,11,0.35,1,,8517.558139534884,8559.0,6545.0,9831.0,1098765.0,886.5099487154733,,,0.137679910167225,2.325476597890436
ID7569,7569,22,230.169921875,28.4493065568443,24.555582480631614,0.0,220.0,11,0.35,1,,6521.860465116279,6669.0,5000.0,7139.0,841320.0,497.41789121714044,,,0.09853280318076661,2.3520573394783915
ID7570,7570,23,232.783935546875,23.42514645850535,29.956554586345984,0.0,220.0,11,0.35,1,,4268.162790697675,4339.0,3116.0,4990.0,550593.0,448.97011994636256,,,0.15490857135807706,2.550241898252889
ID7571,7571,8,2687.8291015625,35.357526692060354,33.473466655183245,0.0,220.0,11,0.35,1,,17536.82945736434,16228.0,8805.0,29763.0,2262251.0,5788.152723888941,,,0.5065607166433568,2.0374453145587097
ID7572,7572,20,431.72900390625,35.67153669820654,42.516954832193356,0.0,220.0,11,0.35,1,,3954.294573643411,3818.0,2327.0,5781.0,510104.0,895.8763987980986,,,0.32646620236264456,2.1726659457431783
ID7573,7573,10,4393.072265625,22.106304432691374,44.40101486907046,0.0,220.0,11,0.35,1,,31380.325581395347,30132.0,16970.0,46943.0,4048062.0,8148.753505294146,,,0.4948392697748714,2.549564004589446
ID7574,7574,21,305.0693359375,30.710178601096825,47.16430292315688,0.0,220.0,11,0.35,1,,6185.837209302325,6244.0,4608.0,7265.0,797973.0,702.9752595075103,,,0.13386858419645245,2.077803097012174
ID7575,7575,13,342.356689453125,24.99519648923627,48.29473894528315,0.0,220.0,11,0.35,1,,3646.248062015504,3515.0,2201.0,5255.0,470366.0,779.0112225504173,,,0.2558986226984303,1.9074179135506797
ID7576,7576,11,1253.025390625,35.67153669820654,48.5459469502001,0.0,220.0,11,0.35,1,,7806.387596899225,7222.0,3227.0,13902.0,1007024.0,2859.2167614960504,,,0.5257061249696771,1.881504115278589
ID7577,7577,14,1505.28955078125,14.507262283953715,50.869620995681856,0.0,220.0,11,0.35,1,,9046.868217054263,8303.0,4078.0,16077.0,1167046.0,3294.6198314919548,,,0.5683132912368021,1.9901139388809226
ID7578,7578,24,567.0556640625,40.63289479531625,52.50247302764202,0.0,220.0,11,0.35,1,,3288.0697674418607,3016.0,1362.0,5966.0,424161.0,1266.2255561932784,,,0.5985593524342001,1.9446363536187092
ID7579,7579,15,4537.640625,18.086976354020216,52.62807703010049,0.0,220.0,11,0.35,1,,39291.35658914729,39444.0,25145.0,51812.0,5068585.0,7243.510926596699,,,0.40664089263495695,3.1362141585847834
ID7580,7580,16,1973.904296875,31.84061462322309,53.63290904976828,0.0,220.0,11,0.35,1,,11841.976744186046,11045.0,5600.0,21392.0,1527615.0,4402.29714620872,,,0.5576493734007558,1.9260446913006974
ID7581,7581,18,1166.029296875,10.299528201594846,57.21262311983478,0.0,220.0,11,0.35,1,,8030.829457364341,7783.0,4358.0,12219.0,1035977.0,2170.5898468361047,,,0.5198007565384565,2.5308294685478514
ID7622,7622,0,2082.923828125,45.71985689488444,16.76813432820624,0.0,240.0,12,0.35,1,,27469.627906976744,27473.0,22138.0,32541.0,3543582.0,2805.0614773503835,,,0.23886407126785156,3.776309322003414
ID7623,7623,1,599.83056640625,51.87445301534965,18.652194365083346,0.0,240.0,12,0.35,1,,6699.550387596899,6896.0,4117.0,8474.0,864242.0,1165.053834333152,,,0.2848775043847133,2.5499172710988245
ID7624,7624,3,345.26025390625,32.40583263428622,21.164274414252823,0.0,240.0,12,0.35,1,,8448.356589147286,8563.0,6840.0,9551.0,1089838.0,732.1938865326416,,,0.11102499885712169,2.3060731537825805
ID7625,7625,4,1479.4853515625,59.85030717146273,22.734324444983745,0.0,240.0,12,0.35,1,,14378.728682170542,14535.0,9579.0,18284.0,1854856.0,2350.698947759801,,,0.35026978650120766,3.1734787843597716
ID7626,7626,5,354.28125,27.507276538405744,22.79712644621298,0.0,240.0,12,0.35,1,,7450.775193798449,7563.0,5687.0,8477.0,961150.0,716.6673875514672,,,0.1383985475843326,2.5278483311634337
ID7627,7627,22,249.72021484375,28.386504555615062,24.61838448186085,0.0,240.0,12,0.35,1,,6430.899224806201,6502.0,4886.0,7149.0,829586.0,533.6526235085137,,,0.10624094850523767,2.3146496253281508
ID7628,7628,,234.46533203125,32.84544664289088,28.512108558073535,0.0,240.0,12,0.35,1,,4746.6511627906975,4797.0,3707.0,5456.0,612318.0,491.1243581562806,,,0.14080852999911397,2.38584399254475
ID7629,7629,23,249.358642578125,23.173938453588402,30.01935658757522,0.0,240.0,12,0.35,1,,4184.069767441861,4357.0,2691.0,4951.0,539745.0,570.2694564037046,,,0.17338231505678223,2.1682734947553537
ID7630,7630,8,2524.8662109375,35.29472469083112,33.53626865641248,0.0,240.0,12,0.35,1,,16394.713178294573,15308.0,8241.0,27936.0,2114918.0,5528.444688599417,,,0.5087737083633302,2.000006480378156
ID7631,7631,20,634.39404296875,35.6087346969773,42.516954832193356,0.0,240.0,12,0.35,1,,4941.906976744186,4684.0,2795.0,7816.0,637506.0,1337.6086722315572,,,0.3936564138172957,2.0871665218630007
ID7632,7632,10,4422.26171875,22.043502431462137,44.40101486907046,0.0,240.0,12,0.35,1,,31522.007751937985,30814.0,18926.0,47254.0,4066339.0,7997.327190708902,,,0.4957520601009587,2.6127864831046343
ID7633,7633,21,279.23828125,30.77298060232606,47.16430292315688,0.0,240.0,12,0.35,1,,5617.53488372093,5729.0,4176.0,6632.0,724662.0,640.4015591617058,,,0.13295567532638383,2.058815143658645
ID7634,7634,13,397.340087890625,25.057998490465508,48.23193694405391,0.0,240.0,12,0.35,1,,4028.5891472868216,3941.0,2394.0,5874.0,519688.0,897.8964532833385,,,0.2736849149253713,1.9281711178560477
ID7635,7635,11,1320.40673828125,35.6087346969773,48.5459469502001,0.0,240.0,12,0.35,1,,8132.62015503876,7553.0,4076.0,14677.0,1049108.0,2981.9895550040246,,,0.5294413070493202,1.888162520584292
ID7636,7636,14,1466.30810546875,14.507262283953715,50.869620995681856,0.0,240.0,12,0.35,1,,8900.806201550387,8511.0,4679.0,15728.0,1148204.0,3151.470963785997,,,0.5603080320336722,2.028441722087925
ID7637,7637,24,420.1064453125,40.695696796545484,52.565275028871255,0.0,240.0,12,0.35,1,,2469.4496124031007,2286.0,1102.0,4455.0,318559.0,929.1765588516425,,,0.5853860045474509,1.962633623647053
ID7638,7638,15,4316.3203125,18.086976354020216,52.62807703010049,0.0,240.0,12,0.35,1,,37924.29457364341,37538.0,25328.0,49599.0,4892234.0,6617.0307273673325,,,0.4005616966084802,3.2783213994585205
ID7639,7639,16,1920.861328125,31.84061462322309,53.63290904976828,0.0,240.0,12,0.35,1,,11464.91472868217,10537.0,5113.0,20803.0,1478974.0,4340.7859995897625,,,0.5607534583247892,1.8978859193231206
ID7640,7640,,232.19970703125,20.473452400731215,55.391365084186916,0.0,240.0,12,0.35,1,,5302.984496124031,5423.0,4007.0,6095.0,684085.0,594.3022561228858,,,0.11887166550351555,1.896011843751443
ID7641,7641,18,1114.9921875,10.299528201594846,57.21262311983478,0.0,240.0,12,0.35,1,,7719.015503875969,7495.0,4488.0,11737.0,995753.0,2035.7205572616672,,,0.5152130919425415,2.578617482185832
ID7642,7642,25,238.4403076171875,36.55076471541585,60.03871317515044,0.0,240.0,12,0.35,1,,1492.5348837209303,1405.0,650.0,2601.0,192537.0,526.1116808499353,,,0.5358421743406533,1.9795516833712474
ID7643,7643,26,292.7080078125,8.980686175780871,63.24161523784152,0.0,240.0,12,0.35,1,,3420.5193798449613,3357.0,2503.0,4523.0,441247.0,546.8608441135756,,,0.24796107541457635,2.4855797044516468
ID7616,7616,24,457.881103515625,40.75849879777472,52.565275028871255,0.0,260.0,13,0.35,1,,2580.3643410852715,2382.0,1143.0,4809.0,332867.0,1016.6340136848696,,,0.6157042203383309,1.9344462296987048
ID7617,7617,15,4175.23046875,18.086976354020216,52.62807703010049,0.0,260.0,13,0.35,1,,36882.80620155039,36840.0,24963.0,48023.0,4757882.0,6375.893074794402,,,0.39889405172166975,3.2990254337692972
ID7618,7618,16,1945.00390625,31.84061462322309,53.63290904976828,0.0,260.0,13,0.35,1,,11567.178294573643,10710.0,5126.0,21010.0,1492166.0,4454.513172140721,,,0.5642107270432811,1.8732824179653003
ID7619,7619,18,1068.2685546875,10.299528201594846,57.21262311983478,0.0,260.0,13,0.35,1,,7479.782945736434,7270.0,4189.0,11237.0,964892.0,1926.7435730447837,,,0.5111144003552007,2.626127725908198
ID7620,7620,25,236.71435546875,36.55076471541585,59.975911173921205,0.0,260.0,13,0.35,1,,1537.8217054263566,1442.0,722.0,2626.0,198379.0,510.6217632947051,,,0.5090760537064877,2.0319274726483623
ID7621,7621,26,299.840576171875,8.980686175780871,63.178813236612285,0.0,260.0,13,0.35,1,,3501.8837209302324,3441.0,2490.0,4683.0,451743.0,575.5566005494564,,,0.24444892646996386,2.39031278921194
ID7600,7600,0,1984.671875,45.71985689488444,16.76813432820624,0.0,260.0,13,0.35,1,,26256.054263565893,26382.0,21173.0,31033.0,3387031.0,2665.708768642959,,,0.23839615436233313,3.792157852985267
ID7601,7601,1,597.802734375,51.87445301534965,18.652194365083346,0.0,260.0,13,0.35,1,,6837.201550387597,7044.0,4381.0,8510.0,881999.0,1086.961514525734,,,0.2793029404933889,2.746605721590043
ID7602,7602,,232.791015625,31.338198613389196,21.03867041179435,0.0,260.0,13,0.35,1,,8563.410852713178,8620.0,7404.0,9169.0,1104680.0,400.7010967589164,,,0.07334646411788069,2.920757481317915
ID7603,7603,3,285.04833984375,32.40583263428622,21.101472413023586,0.0,260.0,13,0.35,1,,8021.023255813953,8111.0,6643.0,8902.0,1034712.0,568.2368353225985,,,0.09587187592411683,2.469800260071666
ID7604,7604,4,1508.3798828125,59.85030717146273,22.671522443754508,0.0,260.0,13,0.35,1,,14391.682170542636,14392.0,9220.0,18349.0,1856527.0,2316.547774924522,,,0.35945356700088715,3.285327832123542
ID7605,7605,5,320.51220703125,27.38167253594727,22.85992844744222,0.0,260.0,13,0.35,1,,6870.527131782946,6911.0,5351.0,7832.0,886298.0,660.0823821397148,,,0.13646142567196648,2.4996379995056897
ID7606,7606,22,320.41650390625,28.323702554385825,24.681186483090087,0.0,260.0,13,0.35,1,,7279.170542635659,7368.0,5927.0,8173.0,939013.0,577.4163511392666,,,0.12267802272835722,2.7550809175129674
ID7607,7607,23,269.08837890625,23.173938453588402,30.144960590033694,0.0,260.0,13,0.35,1,,4415.193798449613,4407.0,3363.0,5218.0,569560.0,454.02897893332795,,,0.1767419059362991,2.9211543683277372
ID7608,7608,8,2616.0654296875,35.42032869328959,33.53626865641248,0.0,260.0,13,0.35,1,,17160.077519379844,16113.0,8033.0,28992.0,2213650.0,5681.435252222258,,,0.5040905560850083,2.024537176934192
ID7609,7609,20,494.93359375,35.734338699435774,42.516954832193356,0.0,260.0,13,0.35,1,,4164.875968992248,4039.0,2303.0,6310.0,537269.0,1057.4544908038001,,,0.36079629228164695,2.088523329620345
ID7610,7610,10,4108.7109375,22.043502431462137,44.40101486907046,0.0,260.0,13,0.35,1,,29311.4496124031,28838.0,17054.0,43864.0,3781177.0,7535.477960497556,,,0.4958988622167332,2.578976405669757
ID7611,7611,,261.81201171875,32.531436636744694,44.90343087890436,0.0,260.0,13,0.35,1,,4541.023255813953,4534.0,3541.0,5425.0,585792.0,480.06889910974434,,,0.15987922924869621,2.6077107954133067
ID7612,7612,21,287.44677734375,30.77298060232606,47.03869892069841,0.0,260.0,13,0.35,1,,5379.46511627907,5470.0,3799.0,6506.0,693951.0,707.7933584223183,,,0.14218263719281118,1.8922286745050882
ID7613,7613,13,316.025634765625,25.057998490465508,48.10633294159543,0.0,260.0,13,0.35,1,,3275.5038759689924,3204.0,2048.0,4781.0,422540.0,728.1895692832908,,,0.26349600103189774,1.8761338376537144
ID7614,7614,11,1379.71826171875,35.6087346969773,48.608748951429334,0.0,260.0,13,0.35,1,,8245.67441860465,7556.0,3828.0,15067.0,1063692.0,3127.444968947272,,,0.5551468679989461,1.8823613010244529
ID7615,7615,14,1422.57080078125,14.507262283953715,50.80681899445262,0.0,260.0,13,0.35,1,,8507.666666666666,7819.0,3875.0,15146.0,1097489.0,3112.4501661003874,,,0.5729930840337536,1.991409716247901
ID7681,7681,0,1976.9375,45.71985689488444,16.76813432820624,0.0,280.0,14,0.35,1,,25934.992248062015,25822.0,20245.0,30765.0,3345614.0,2731.131151579312,,,0.24016844302261176,3.677975472358349
ID7682,7682,1,618.79443359375,51.87445301534965,18.652194365083346,0.0,280.0,14,0.35,1,,6850.069767441861,7014.0,4239.0,8605.0,883659.0,1138.6833143622403,,,0.2906823097026234,2.7097004185452107
ID7683,7683,3,305.9716796875,32.46863463551546,21.101472413023586,0.0,280.0,14,0.35,1,,8159.6511627906975,8255.0,6609.0,9103.0,1052595.0,646.654547594323,,,0.10173969961301751,2.330454907744548
ID7684,7684,4,1479.06640625,59.85030717146273,22.671522443754508,0.0,280.0,14,0.35,1,,14336.658914728681,14376.0,10005.0,18094.0,1849429.0,2180.774101007928,,,0.35458062690702,3.4417348651709556
ID7685,7685,5,307.640625,27.318870534718034,22.85992844744222,0.0,280.0,14,0.35,1,,6201.573643410853,6264.0,4986.0,7051.0,800003.0,561.9123426855857,,,0.14448468244739135,2.786603334755299
ID7686,7686,22,360.9365234375,28.19809855192735,24.61838448186085,0.0,280.0,14,0.35,1,,7991.813953488372,8063.0,6786.0,8871.0,1030944.0,555.9314645181356,,,0.12921397480175253,3.2899352297602005
ID7687,7687,23,255.15283203125,23.111136452359165,30.144960590033694,0.0,280.0,14,0.35,1,,4441.3178294573645,4525.0,3145.0,5192.0,572930.0,515.1835380548878,,,0.16787529566326106,2.478393094525115
ID7688,7688,8,2784.5830078125,35.357526692060354,33.473466655183245,0.0,280.0,14,0.35,1,,18413.25581395349,17314.0,9347.0,30820.0,2375310.0,5953.616107405689,,,0.5015097340329031,2.0660031040558877
ID7689,7689,20,544.219970703125,35.734338699435774,42.64255883465183,0.0,280.0,14,0.35,1,,4360.503875968992,4141.0,2463.0,6783.0,562505.0,1141.5738185452503,,,0.38095994337733874,2.107467591015637
ID7690,7690,10,4035.416015625,22.106304432691374,44.40101486907046,0.0,280.0,14,0.35,1,,29036.488372093023,28046.0,15639.0,43030.0,3745707.0,7391.4173498265445,,,0.49344822358890394,2.595958719867225
ID7691,7691,21,279.4443359375,30.77298060232606,46.97589691946917,0.0,280.0,14,0.35,1,,5376.0,5508.0,3934.0,6390.0,693504.0,650.1610978249929,,,0.14014075786968572,2.0327045826936145
ID7692,7692,13,291.23974609375,25.057998490465508,48.23193694405391,0.0,280.0,14,0.35,1,,3103.015503875969,2985.0,1822.0,4485.0,400289.0,666.5827028642071,,,0.25554653016513756,1.8949470428349957
ID7693,7693,11,1395.1904296875,35.67153669820654,48.608748951429334,0.0,280.0,14,0.35,1,,8197.333333333334,7564.0,3517.0,15185.0,1057456.0,3176.5008468766905,,,0.5658237303011991,1.8650561124516158
ID7694,7694,14,1326.9638671875,14.507262283953715,50.80681899445262,0.0,280.0,14,0.35,1,,8129.023255813953,7605.0,3953.0,14293.0,1048644.0,2863.3109262517128,,,0.5531307400020393,2.022179160882611
ID7695,7695,24,365.9334716796875,40.75849879777472,52.565275028871255,0.0,280.0,14,0.35,1,,2130.5658914728683,1981.0,882.0,3812.0,274843.0,802.5023836117367,,,0.6038108961945376,1.9990627231704157
ID7696,7696,15,4150.24609375,18.086976354020216,52.62807703010049,0.0,280.0,14,0.35,1,,37330.333333333336,37348.0,25395.0,48064.0,4815613.0,6225.187134904729,,,0.39210572262522947,3.3780837637131897
ID7697,7697,16,1989.0107421875,31.84061462322309,53.63290904976828,0.0,280.0,14,0.35,1,,11868.790697674418,11021.0,5246.0,21460.0,1531074.0,4498.72100343951,,,0.5635743475313446,1.9018667542003163
ID7698,7698,18,1036.8955078125,10.299528201594846,57.21262311983478,0.0,280.0,14,0.35,1,,7328.3488372093025,7083.0,4123.0,10991.0,945357.0,1888.6780332548526,,,0.5033987813435257,2.5984607819984076
ID7699,7699,25,237.3011474609375,36.487962714186615,60.10151517637968,0.0,280.0,14,0.35,1,,1517.5426356589148,1432.0,665.0,2593.0,195763.0,528.706529060427,,,0.5257472136682404,1.9781108167359402
ID7712,7712,14,1424.51025390625,14.507262283953715,50.869620995681856,0.0,300.0,15,0.35,1,,8800.77519379845,8304.0,4750.0,15306.0,1135300.0,3017.7781956482236,,,0.5510676964004275,2.072229286888377
ID7713,7713,15,4198.60546875,18.086976354020216,52.62807703010049,0.0,300.0,15,0.35,1,,37063.395348837206,37174.0,24211.0,48446.0,4781178.0,6606.559362929821,,,0.3978071221358308,3.193192947743868
ID7714,7714,24,302.218505859375,40.884102800233194,52.62807703010049,0.0,300.0,15,0.35,1,,1777.2868217054263,1668.0,747.0,3204.0,229270.0,662.9486593267239,,,0.5852001090505382,1.9793742880464544
ID7715,7715,16,1975.2919921875,31.84061462322309,53.63290904976828,0.0,300.0,15,0.35,1,,11721.31007751938,10669.0,5570.0,21328.0,1512049.0,4404.518443099174,,,0.5655417431553272,1.922683201631561
ID7716,7716,18,1047.79931640625,10.299528201594846,57.21262311983478,0.0,300.0,15,0.35,1,,7431.038759689923,7172.0,4019.0,11149.0,958604.0,1928.4060103291135,,,0.49983429323764755,2.5684068283462342
ID7717,7717,25,257.8887939453125,36.487962714186615,60.03871317515044,0.0,300.0,15,0.35,1,,1697.9922480620155,1610.0,739.0,2877.0,219041.0,564.8682852019025,,,0.5003778801322885,2.0050072955809974
ID7700,7700,0,1906.724609375,45.71985689488444,16.76813432820624,0.0,300.0,15,0.35,1,,25786.441860465115,25718.0,20588.0,30347.0,3326451.0,2581.5078621411385,,,0.23223308254102842,3.7651231544034216
ID7701,7701,1,611.96728515625,51.87445301534965,18.652194365083346,0.0,300.0,15,0.35,1,,6849.0,6986.0,4184.0,8595.0,883521.0,1126.8210954938677,,,0.28496735014120017,2.6959088485061544
ID7702,7702,3,258.3525390625,32.34303063305698,21.101472413023586,0.0,300.0,15,0.35,1,,7285.558139534884,7358.0,6111.0,8120.0,939837.0,510.5801526660741,,,0.09423327331102312,2.45766823092362
ID7703,7703,4,1449.263671875,59.787505170233494,22.671522443754508,0.0,300.0,15,0.35,1,,14094.829457364342,14270.0,8514.0,17871.0,1818233.0,2339.7204564729486,,,0.35072038774893544,3.1283937270739166
ID7704,7704,22,353.35009765625,28.135296550698115,24.61838448186085,0.0,300.0,15,0.35,1,,8277.038759689922,8444.0,6526.0,9108.0,1067738.0,649.997649071479,,,0.1229395699897428,2.788229403209698
ID7705,7705,29,245.03271484375,26.879256526113377,28.82611856421972,0.0,300.0,15,0.35,1,,6679.077519379845,6690.0,5660.0,7387.0,861601.0,406.2406847471072,,,0.09935087277249487,2.9716552564566467
ID7706,7706,8,2607.4755859375,35.42032869328959,33.53626865641248,0.0,300.0,15,0.35,1,,16952.48062015504,15924.0,8402.0,28835.0,2186870.0,5634.826378343402,,,0.5087301350619291,2.0288905180765324
ID7707,7707,20,531.403076171875,35.79714070066501,42.64255883465183,0.0,300.0,15,0.35,1,,4257.147286821705,4066.0,2060.0,6659.0,549172.0,1168.3164844444386,,,0.3789436945458624,2.0027019416726115
ID7708,7708,10,4083.587890625,22.043502431462137,44.40101486907046,0.0,300.0,15,0.35,1,,29576.093023255813,28603.0,16952.0,43851.0,3815316.0,7447.634594539336,,,0.48717620659590266,2.601813001289608
ID7709,7709,21,300.95849609375,30.77298060232606,46.97589691946917,0.0,300.0,15,0.35,1,,5932.449612403101,6004.0,4389.0,7063.0,765286.0,666.7263770801181,,,0.13338677875844324,2.0943586715144016
ID7710,7710,13,248.26611328125,24.932394488007034,48.16913494282467,0.0,300.0,15,0.35,1,,2829.279069767442,2817.0,1607.0,4026.0,364977.0,634.0345019292154,,,0.236028364876897,1.704231748757299
ID7711,7711,11,1657.201171875,35.67153669820654,48.608748951429334,0.0,300.0,15,0.35,1,,9495.503875968992,8673.0,3666.0,17804.0,1224920.0,3856.588099287113,,,0.5883752554900318,1.8240890714731204
ID7718,7718,0,1933.208984375,45.71985689488444,16.76813432820624,0.0,320.0,16,0.35,1,,25808.95348837209,25745.0,21254.0,30468.0,3329355.0,2583.4268419716805,,,0.23558624697106498,3.809615026183149
ID7719,7719,1,620.24951171875,51.87445301534965,18.652194365083346,0.0,320.0,16,0.35,1,,6951.596899224806,7139.0,4353.0,8704.0,896756.0,1119.8288549440538,,,0.28653861700927397,2.765179040797572
ID7720,7720,30,249.27880859375,31.21259461093072,20.975868410565113,0.0,320.0,16,0.35,1,,7830.976744186047,7892.0,6662.0,8571.0,1010196.0,464.7174791122472,,,0.08498218049424602,2.6397462824087774
ID7721,7721,3,240.95166015625,32.34303063305698,21.03867041179435,0.0,320.0,16,0.35,1,,7070.108527131783,7124.0,5835.0,7916.0,912044.0,525.7592759570151,,,0.08844603831508382,2.1854486874156227
ID7722,7722,4,1426.998046875,59.85030717146273,22.671522443754508,0.0,320.0,16,0.35,1,,14110.922480620155,14222.0,9607.0,17730.0,1820309.0,2140.6638595465656,,,0.34522547426650735,3.3833324702578076
ID7723,7723,31,237.6318359375,27.130464531030324,22.985532449900692,0.0,320.0,16,0.35,1,,5533.627906976744,5554.0,4463.0,6330.0,713838.0,526.7317579566628,,,0.12195310579395915,2.2838554057689926
ID7724,7724,22,386.24951171875,28.386504555615062,24.555582480631614,0.0,320.0,16,0.35,1,,8170.31007751938,8324.0,6522.0,9154.0,1053970.0,684.0378598628699,,,0.13568499160377703,2.8540548865206055
ID7725,7725,,240.044921875,32.84544664289088,28.4493065568443,0.0,320.0,16,0.35,1,,4996.906976744186,5083.0,3962.0,5632.0,644601.0,465.29618325757815,,,0.13975581135453952,2.6336607461950936
ID7726,7726,29,248.9990234375,26.879256526113377,28.82611856421972,0.0,320.0,16,0.35,1,,6351.558139534884,6333.0,5318.0,7123.0,819351.0,432.43879456694395,,,0.10533895859964104,2.799491598940869
ID7727,7727,32,264.697265625,23.23674045481764,30.01935658757522,0.0,320.0,16,0.35,1,,4406.046511627907,4468.0,3034.0,5176.0,568380.0,503.0236677530865,,,0.17552571320635874,2.6157682658320045
ID7728,7728,8,2424.18359375,35.48313069451883,33.53626865641248,0.0,320.0,16,0.35,1,,16072.31007751938,15225.0,7665.0,27059.0,2073328.0,5286.971795127697,,,0.49529493601089747,2.013901984255737
ID7729,7729,,244.131103515625,50.24160098338949,35.04351668591417,0.0,320.0,16,0.35,1,,2926.8062015503874,2904.0,2268.0,3640.0,377558.0,375.73644514638215,,,0.25822420177917355,3.1972717406693407
ID7730,7730,20,377.2001953125,35.734338699435774,42.705360835881066,0.0,320.0,16,0.35,1,,3486.9612403100773,3394.0,2235.0,5062.0,449818.0,753.8426394470198,,,0.3226659256244302,2.2568326522310223
ID7731,7731,10,3882.857421875,22.106304432691374,44.40101486907046,0.0,320.0,16,0.35,1,,27833.705426356588,26866.0,15017.0,41423.0,3590548.0,7144.954992863739,,,0.49463221373985317,2.578395791219524
ID7732,7732,13,246.765380859375,24.932394488007034,48.043530940366196,0.0,320.0,16,0.35,1,,2777.7131782945735,2793.0,1596.0,4034.0,358325.0,640.1161051153929,,,0.2338126427366826,1.64466486785867
ID7733,7733,11,1522.99755859375,35.67153669820654,48.5459469502001,0.0,320.0,16,0.35,1,,8909.39534883721,8138.0,3631.0,16557.0,1149312.0,3494.624146945662,,,0.5688977583091503,1.8489166487921014
ID7734,7734,14,1458.61083984375,14.444460282724478,50.869620995681856,0.0,320.0,16,0.35,1,,8849.937984496124,8339.0,3835.0,15576.0,1141642.0,3245.8912748271514,,,0.5637329948164751,1.9658352086745492
ID7735,7735,15,4082.8125,18.086976354020216,52.62807703010049,0.0,320.0,16,0.35,1,,36397.48837209302,36129.0,24468.0,47223.0,4695276.0,6225.289429913428,,,0.39468476171526995,3.3091478172994
ID7736,7736,24,322.6549072265625,41.00970680269167,52.942087036246676,0.0,320.0,16,0.35,1,,1904.8062015503876,1794.0,889.0,3385.0,245720.0,694.6182750880084,,,0.591388821508607,2.0381277160222147
ID7737,7737,16,1986.3037109375,31.84061462322309,53.57010704853904,0.0,320.0,16,0.35,1,,11856.767441860466,11062.0,5420.0,21472.0,1529523.0,4480.186285035387,,,0.5623468164313459,1.9051405426996977
ID7738,7738,18,1023.50634765625,10.362330202824083,57.21262311983478,0.0,320.0,16,0.35,1,,7257.906976744186,7054.0,3713.0,10879.0,936270.0,1878.9099750664134,,,0.5004330233124216,2.5767054022384297
ID7776,7776,0,1917.580078125,45.71985689488444,16.76813432820624,0.0,340.0,17,0.35,1,,25353.131782945737,25273.0,19748.0,30126.0,3270554.0,2666.664188937197,,,0.23688137156047542,3.6416327072856958
ID7777,7777,1,591.65478515625,51.811651014120415,18.714996366312583,0.0,340.0,17,0.35,1,,6943.147286821705,7104.0,4281.0,8481.0,895666.0,1005.7255318050808,,,0.2736230889516701,2.9663248917150513
ID7778,7778,30,233.67431640625,31.21259461093072,21.03867041179435,0.0,340.0,17,0.35,1,,7356.162790697675,7373.0,6403.0,8015.0,948945.0,393.39143973229915,,,0.08536694162697814,2.941504755378302
ID7779,7779,4,1513.2587890625,59.85030717146273,22.671522443754508,0.0,340.0,17,0.35,1,,15126.596899224805,15170.0,10033.0,18989.0,1951331.0,2268.773359106261,,,0.33977044951707097,3.3817019328354347
ID7780,7780,31,242.1103515625,27.00486052857185,22.985532449900692,0.0,340.0,17,0.35,1,,5173.139534883721,5253.0,4074.0,5966.0,667335.0,561.379435856807,,,0.13075414211140338,2.1311546057984314
ID7781,7781,22,366.38916015625,28.574910559302772,24.61838448186085,0.0,340.0,17,0.35,1,,7639.976744186047,7687.0,6197.0,8638.0,985557.0,605.627972968919,,,0.13560937358142158,3.0128454009512016
ID7782,7782,32,258.07275390625,23.23674045481764,29.956554586345984,0.0,340.0,17,0.35,1,,4718.46511627907,4815.0,3425.0,5459.0,608682.0,506.95406360117505,,,0.15971127695853288,2.5635856833620947
ID7783,7783,8,2493.1015625,35.42032869328959,33.53626865641248,0.0,340.0,17,0.35,1,,16453.4496124031,15544.0,7872.0,27743.0,2122495.0,5425.87114831751,,,0.49906879817686556,2.019093073433292
ID7784,7784,20,380.719970703125,35.79714070066501,42.705360835881066,0.0,340.0,17,0.35,1,,3774.1007751937987,3739.0,2326.0,5353.0,486859.0,812.3969054301717,,,0.29502946554538123,2.116708092822159
ID7785,7785,10,3813.8046875,22.043502431462137,44.40101486907046,0.0,340.0,17,0.35,1,,27713.93023255814,26974.0,15790.0,40939.0,3575097.0,6974.961114571319,,,0.486445285457289,2.600587046399929
ID7786,7786,34,280.18017578125,30.710178601096825,46.97589691946917,0.0,340.0,17,0.35,1,,5374.201550387597,5449.0,4049.0,6292.0,693272.0,566.3724257810204,,,0.1439590816659338,2.388198500960683
ID7787,7787,13,257.16748046875,24.743988484319324,48.16913494282467,0.0,340.0,17,0.35,1,,2987.294573643411,2914.0,1867.0,4112.0,385361.0,565.8850148647246,,,0.2390889302475655,2.0372148996480814
ID7788,7788,11,1377.5888671875,35.545932695748064,48.48314494897086,0.0,340.0,17,0.35,1,,8212.01550387597,7522.0,3823.0,15000.0,1059350.0,3162.5821431636764,,,0.5583101279433008,1.8606280106644324
ID7789,7789,14,1463.3427734375,14.444460282724478,50.80681899445262,0.0,340.0,17,0.35,1,,8912.70542635659,8409.0,4184.0,15704.0,1149739.0,3170.0913517079357,,,0.558178251879048,2.0142971765869433
ID7790,7790,15,3998.341796875,18.086976354020216,52.62807703010049,0.0,340.0,17,0.35,1,,36086.364341085275,36033.0,24319.0,46361.0,4655141.0,5978.216798743669,,,0.39099706927436284,3.3935070194280286
ID7791,7791,24,376.965576171875,40.94690480146243,52.8164830337882,0.0,340.0,17,0.35,1,,2130.7286821705425,1967.0,915.0,3936.0,274864.0,835.7411171373772,,,0.6187224958820262,1.948991220476609
ID7792,7792,16,1921.517578125,31.84061462322309,53.57010704853904,0.0,340.0,17,0.35,1,,11410.0,10595.0,5297.0,20692.0,1471890.0,4283.298506262434,,,0.567343120497577,1.9284971854861304
ID7793,7793,18,988.44970703125,10.362330202824083,57.21262311983478,0.0,340.0,17,0.35,1,,7016.263565891473,6855.0,4003.0,10463.0,905098.0,1796.3423233031922,,,0.502333363850717,2.6119959550467224
ID7794,7794,35,239.98828125,36.55076471541585,60.03871317515044,0.0,340.0,17,0.35,1,,1523.015503875969,1426.0,659.0,2642.0,196469.0,537.8718333699507,,,0.523534037661626,1.9460243899547751
ID7758,7758,0,1899.28515625,45.71985689488444,16.76813432820624,0.0,360.0,18,0.35,1,,25102.263565891473,25061.0,20518.0,29712.0,3238192.0,2539.0358360734713,,,0.23834571409673677,3.805743302987788
ID7759,7759,1,601.14013671875,51.87445301534965,18.652194365083346,0.0,360.0,18,0.35,1,,6928.294573643411,7114.0,4557.0,8512.0,893750.0,1054.9098999077835,,,0.28064366780880917,2.8785111319597565
ID7760,7760,4,1488.5048828125,59.85030717146273,22.671522443754508,0.0,360.0,18,0.35,1,,14629.178294573643,14725.0,10329.0,18377.0,1887164.0,2182.4069082724227,,,0.34882449180503616,3.467094889681739
ID7761,7761,22,381.623046875,28.512108558073535,24.61838448186085,0.0,360.0,18,0.35,1,,7349.643410852713,7428.0,5988.0,8445.0,948104.0,664.544167061735,,,0.14772650572979928,2.8470325189310195
ID7762,7762,37,239.08935546875,32.84544664289088,28.512108558073535,0.0,360.0,18,0.35,1,,4899.488372093023,5004.0,3686.0,5508.0,632034.0,463.20271136605004,,,0.1425593152660357,2.639529252029871
ID7763,7763,32,256.0703125,23.299542456046876,29.893752585116747,0.0,360.0,18,0.35,1,,4608.2558139534885,4612.0,3384.0,5395.0,594465.0,492.08558514801564,,,0.15911223751040526,2.571011529035373
ID7764,7764,8,2618.32421875,35.357526692060354,33.53626865641248,0.0,360.0,18,0.35,1,,17101.992248062015,16039.0,8577.0,28833.0,2206157.0,5600.255587772484,,,0.509708175481683,2.0620417089009373
ID7765,7765,20,333.74951171875,35.734338699435774,42.64255883465183,0.0,360.0,18,0.35,1,,3294.5348837209303,3218.0,2073.0,4633.0,424995.0,667.5058408746279,,,0.30102982614481677,2.283974814801504
ID7766,7766,10,3828.375,22.106304432691374,44.40101486907046,0.0,360.0,18,0.35,1,,27931.24031007752,26985.0,15323.0,41144.0,3603130.0,6974.640879840151,,,0.4844094691192635,2.6137092449797934
ID7767,7767,34,272.81884765625,30.58457459863835,46.97589691946917,0.0,360.0,18,0.35,1,,5414.294573643411,5500.0,3888.0,6401.0,698444.0,639.2789688770073,,,0.1359531925014192,2.027264581994146
ID7768,7768,13,260.37744140625,24.743988484319324,48.16913494282467,0.0,360.0,18,0.35,1,,2814.294573643411,2768.0,1649.0,4045.0,363044.0,622.6791334013446,,,0.2515782093464154,1.8169804940885343
ID7769,7769,11,1327.75341796875,35.6087346969773,48.420342947741624,0.0,360.0,18,0.35,1,,7745.3488372093025,7082.0,3586.0,14329.0,999150.0,3018.2242338499996,,,0.5755818070017756,1.874932240736272
ID7770,7770,14,1363.14697265625,14.444460282724478,50.869620995681856,0.0,360.0,18,0.35,1,,8338.713178294574,7771.0,4006.0,14625.0,1075694.0,2971.662201092698,,,0.5564025407792368,2.0063041192269937
ID7771,7771,15,3960.861328125,18.086976354020216,52.62807703010049,0.0,360.0,18,0.35,1,,35552.01550387597,35910.0,22740.0,45991.0,4586210.0,6209.967659165605,,,0.39149210969430603,3.221418506883212
ID7772,7772,24,315.88232421875,41.00970680269167,53.00488903747591,0.0,360.0,18,0.35,1,,1865.8062015503876,1710.0,753.0,3284.0,240689.0,677.382232355736,,,0.5975044243018065,2.060448588956421
ID7773,7773,16,1982.1357421875,31.84061462322309,53.57010704853904,0.0,360.0,18,0.35,1,,11673.0,10633.0,5607.0,21190.0,1505817.0,4395.553973548158,,,0.5766071813248624,1.9424748771005884
ID7774,7774,18,953.77294921875,10.362330202824083,57.21262311983478,0.0,360.0,18,0.35,1,,6844.054263565891,6650.0,3772.0,10129.0,882883.0,1708.8113390146266,,,0.496520840566359,2.657688244559815
ID7775,7775,35,287.425048828125,36.55076471541585,60.03871317515044,0.0,360.0,18,0.35,1,,1757.968992248062,1643.0,725.0,3105.0,226778.0,646.1146610943043,,,0.552320427412154,1.9361604461306625
ID7744,7744,37,243.21826171875,32.84544664289088,28.574910559302772,0.0,380.0,19,0.35,1,,4657.558139534884,4800.0,3381.0,5323.0,600825.0,506.985097583264,,,0.15248972646850437,2.431065215945514
ID7745,7745,,258.8544921875,26.942058527342613,28.763316562990482,0.0,380.0,19,0.35,1,,6302.046511627907,6248.0,5355.0,7145.0,812964.0,457.54459926849466,,,0.11029350973030225,2.7364676739721867
ID7746,7746,32,253.91748046875,23.299542456046876,29.956554586345984,0.0,380.0,19,0.35,1,,4552.798449612403,4601.0,3481.0,5213.0,587311.0,442.83596673607883,,,0.1650297167665935,2.912665990627855
ID7747,7747,8,2606.6904296875,35.29472469083112,33.53626865641248,0.0,380.0,19,0.35,1,,16774.821705426355,15830.0,9236.0,28566.0,2163952.0,5509.235344868668,,,0.5188714570111248,2.08034490499391
ID7748,7748,20,435.166015625,35.79714070066501,42.57975683342259,0.0,380.0,19,0.35,1,,3562.68992248062,3442.0,1697.0,5476.0,459587.0,972.8327097840487,,,0.3721935276221478,1.986658896731258
ID7749,7749,10,3763.794921875,22.106304432691374,44.40101486907046,0.0,380.0,19,0.35,1,,27644.682170542637,26864.0,15195.0,40415.0,3566164.0,6781.014189430498,,,0.4824652286044307,2.65355715976349
ID7750,7750,13,266.3515625,24.869592486777798,48.16913494282467,0.0,380.0,19,0.35,1,,2836.062015503876,2770.0,1882.0,4039.0,365852.0,577.2367467071297,,,0.2617269932278501,2.038331753651136
ID7751,7751,11,1202.11572265625,35.545932695748064,48.35754094651239,0.0,380.0,19,0.35,1,,7562.387596899225,6990.0,3856.0,13408.0,975548.0,2707.0624944014426,,,0.5174242838315342,1.9051554773255142
ID7752,7752,14,1415.49365234375,14.444460282724478,50.869620995681856,0.0,380.0,19,0.35,1,,8536.01550387597,7949.0,3861.0,15063.0,1101146.0,3110.7487417232446,,,0.5691780508360015,1.9906558115033126
ID7753,7753,15,3744.03125,18.086976354020216,52.62807703010049,0.0,380.0,19,0.35,1,,33917.666666666664,34121.0,23299.0,43602.0,4375379.0,5618.24600121856,,,0.3883328299535645,3.377269564115434
ID7754,7754,24,350.100830078125,40.82130079900396,52.69087903132973,0.0,380.0,19,0.35,1,,1999.7751937984497,1839.0,729.0,3663.0,257971.0,795.6862333104958,,,0.6115827481913151,1.907532494790447
ID7755,7755,16,1975.65625,31.84061462322309,53.57010704853904,0.0,380.0,19,0.35,1,,11578.697674418605,10708.0,5004.0,21064.0,1493652.0,4469.641235610827,,,0.5809665750918718,1.9039060049256276
ID7756,7756,18,940.39892578125,10.362330202824083,57.21262311983478,0.0,380.0,19,0.35,1,,6787.790697674419,6578.0,4148.0,10015.0,875625.0,1659.3132929883348,,,0.4928895918212521,2.701170529380167
ID7757,7757,35,285.8446044921875,36.487962714186615,60.03871317515044,0.0,380.0,19,0.35,1,,1782.9767441860465,1699.0,857.0,3112.0,230004.0,614.6493342894319,,,0.5385501724170779,2.030779471937715
ID7739,7739,0,1879.109375,45.71985689488444,16.76813432820624,0.0,380.0,19,0.35,1,,24711.356589147286,24720.0,20186.0,29338.0,3187765.0,2532.6665505403153,,,0.23906508259804082,3.7650487057709583
ID7740,7740,1,611.99658203125,51.87445301534965,18.652194365083346,0.0,380.0,19,0.35,1,,6654.395348837209,6785.0,4189.0,8419.0,858417.0,1108.7135310984065,,,0.2947869131500829,2.732934011778128
ID7741,7741,,257.1611328125,31.27539661215996,21.101472413023586,0.0,380.0,19,0.35,1,,7108.131782945737,7087.0,6164.0,7861.0,916949.0,429.63640841422813,,,0.09770139800960417,2.9451061319283593
ID7742,7742,4,1466.2216796875,59.787505170233494,22.734324444983745,0.0,380.0,19,0.35,1,,14045.333333333334,14159.0,9102.0,17927.0,1811848.0,2335.968369639951,,,0.35657718505091024,3.1608517842078476
ID7743,7743,22,368.751953125,28.63771256053201,24.61838448186085,0.0,380.0,19,0.35,1,,7101.953488372093,7250.0,5561.0,8156.0,916152.0,713.7683432457394,,,0.1495185466457051,2.5883894513956327
